"name","label","facility_key","manufacturer","model","serial_number","refrigerant_gas","year_installed"
1000,"3 - MK304 ()",103,"Vestfrost","MK304",,,2017
1001,"3 - MK304 ()",103,"Vestfrost","MK304",,,2008
1002,"3 - MK304 ()",103,"Vestfrost","MK304",,,2008
1425,"3 - VLS 400 Greenline (2020095294E+10)",116,"Vestfrost","VLS 400 Greenline","2020095294E+10",,2021
1426,"3 - VLS 400 Greenline (2020095294E+10)",116,"Vestfrost","VLS 400 Greenline","2020095294E+10",,2021
1427,"3 - VLS 400 Greenline (2020095294E+10)",116,"Vestfrost","VLS 400 Greenline","2020095294E+10",,2021
1429,"3 - VLS 400 Greenline (2020095294E+10)",116,"Vestfrost","VLS 400 Greenline","2020095294E+10",,2021
1430,"3 - VLS 400 Greenline (2020095294E+10)",116,"Vestfrost","VLS 400 Greenline","2020095294E+10",,2021
1431,"3 - VLS 400 Greenline (2020095294E+10)",116,"Vestfrost","VLS 400 Greenline","2020095294E+10",,2021
1432,"4 - MF 314 (2019443227E+10)",116,"Vestfrost","MF 314","2019443227E+10",,2021
1434,"4 - MF 314 (2019443227E+10)",116,"Vestfrost","MF 314","2019443227E+10",,2021
1435,"7 - MF 314 (2019443227E+10)",116,"Vestfrost","MF 314","2019443227E+10",,2021
1436,"7 - MF 314 (2019443227E+10)",116,"Vestfrost","MF 314","2019443227E+10",,2021
1437,"7 - MF 314 (2019443227E+10)",116,"Vestfrost","MF 314","2019443227E+10",,2021
1438,"11 -  ()",116,,,,,
1440,"14 -  ()",116,"Berlinger & Co. AG",,,,2023
1441,"14 -  ()",116,"Berlinger & Co. AG",,,,2023
1442,"14 -  ()",116,"Berlinger & Co. AG",,,,2023
276,"4 - MF 314 (20193724050)",208,"Vestfrost Solutions","MF 314","20193724050",,2020
279,"4 - MF 314 (20193724054)",208,"Vestfrost Solutions","MF 314","20193724054",,2020
282,"4 - MF 314 ()",208,"Vestfrost Solutions","MF 314",,,2022
1112,"15 - ZTR500 (123NK78)",208,"Cummins","ZTR500","123NK78",,2024
1114,"16 - SVS04-22 ()",208,"Savetec","SVS04-22",,,2021
1115,"16 - SVS04-22 ()",208,"Savetec","SVS04-22",,,2021
1116,"16 - SVS04-22 ()",208,"Savetec","SVS04-22",,,2021
1117,"16 - SVS04-22 ()",208,"Savetec","SVS04-22",,,2021
1151,"16 - SVSO4-22 ()",208,"Savetec","SVSO4-22",,,2021
1162,"9 -  ()",208,"Blow Kings",,,,
1164,"16 - BB111 ()",208,"Sagar Electricals","BB111",,,2023
1165,"16 - B111 ()",208,"Sagar Electricals","B111",,,2023
1487,"13 - ICE3 Extra BC441 SN8294 ()",208,"Beyond Wireless Technology (Pty) Ltd","ICE3 Extra BC441 SN8294",,,2023
2598,"7 - BDW423 ()",208,"Intergrity","BDW423",,,2017
2603,"7 - BDW423 ()",208,"Intergrity","BDW423",,,2017
1591,"3 - VLS 404A AC ()",329,"Vestfrost Solutions","VLS 404A AC",,,2021
1592,"3 - VLS 404A AC ()",329,"Vestfrost Solutions","VLS 404A AC",,,2021
1593,"3 - VLS 400A Greenline ()",329,"Vestfrost Solutions","VLS 400A Greenline",,,2019
1594,"4 - MK074 ()",329,"Vestfrost","MK074",,,2023
1671,"3 - VLS 400A Greenline ()",403,"Vestfrost Solutions","VLS 400A Greenline",,,2021
1673,"3 - VLS 400A Greenline ()",403,"Vestfrost Solutions","VLS 400A Greenline",,,2021
1674,"3 - VLS 400A Greenline ()",403,"Vestfrost Solutions","VLS 400A Greenline",,,2021
1966,"5 - TCW 40 SDD ()",751,"B Medical Systems Sarl (Dometic)","TCW 40 SDD",,,2022
2843,"5 - TCW 2403 ()",1302,"B Medical Systems Sarl (Dometic)","TCW 2403",,,2017
1005,"3 - VLS 400A Greenline (20200952956)",81,"Vestfrost Solutions","VLS 400A Greenline","20200952956",,2020
1444,"14 -  ()",116,"Berlinger & Co. AG",,,,2023
1445,"14 -  ()",116,"Berlinger & Co. AG",,,,2023
1446,"14 -  ()",116,"Berlinger & Co. AG",,,,2023
1448,"14 -  ()",116,"Berlinger & Co. AG",,,,2023
1449,"14 -  ()",116,"Berlinger & Co. AG",,,,2023
1450,"14 -  ()",116,"Berlinger & Co. AG",,,,2023
1452,"14 -  ()",116,"Berlinger & Co. AG",,,,2023
1453,"14 -  ()",116,"Berlinger & Co. AG",,,,2023
1454,"16 -  ()",116,"Others",,,,2023
1455,"16 -  ()",116,"Others",,,,2023
1457,"16 -  ()",116,"Others",,,,2023
1458,"16 -  ()",116,"Others",,,,2023
1459,"16 -  ()",116,"Others",,,,2023
1461,"16 -  ()",116,"Others",,,,2023
271,"3 - VLS 404A Greenline (20200952927)",208,"Vestfrost Solutions","VLS 404A Greenline","20200952927",,2020
272,"3 - VLS 400A Greenline (20194736947)",208,"Vestfrost Solutions","VLS 400A Greenline","20194736947",,2020
273,"3 - VLS 404A Greenline (20194736879)",208,"Vestfrost Solutions","VLS 404A Greenline","20194736879",,2020
999,"3 - MK304 ()",103,"Vestfrost","MK304",,,2017
1,"3 - VLS 400A Greenline (20200952935)",3,"Vestfrost Solutions","VLS 400A Greenline","20200952935",,2021
1736,"3 - MK 304 ()",3,"Vestfrost","MK 304",,,2010
1737,"4 - MF 314 ()",3,"Vestfrost","MF 314",,,2010
17,"5 - TCW 2043 SDD (5463618)",4,"B Medical Systems Sarl (Dometic)","TCW 2043 SDD","5463618",,2018
21,"5 - VLS 056 RF SDD (20191502165)",5,"Vestfrost Solutions","VLS 056 RF SDD","20191502165",,2021
20,"5 - VLS 056 RF SDD (20191502166)",6,"Vestfrost Solutions","VLS 056 RF SDD","20191502166",,2021
24,"5 - TCW 40 SDD (1032564)",11,"B Medical Systems Sarl (Dometic)","TCW 40 SDD","1032564",,2022
25,"5 - TCW 40 SDD (1032579)",12,"B Medical Systems Sarl (Dometic)","TCW 40 SDD","1032579",,2022
52,"3 - VLS 400A Greenline (20194736955)",14,"Vestfrost Solutions","VLS 400A Greenline","20194736955",,2021
30,"3 - VLS 054 SDD Greenline (20154728685)",15,"Vestfrost Solutions","VLS 054 SDD Greenline","20154728685",,2017
31,"3 - VLS 054 SDD Greenline (20175392501)",17,"Vestfrost Solutions","VLS 054 SDD Greenline","20175392501",,2018
32,"5 - TCW 40 SDD (1032533)",17,"B Medical Systems Sarl (Dometic)","TCW 40 SDD","1032533",,2022
53,"5 - VLS 056 RF SDD (20194432843)",18,"Vestfrost Solutions","VLS 056 RF SDD","20194432843",,2021
38,"5 - VLS 056 RF SDD (20191502161)",19,"Vestfrost Solutions","VLS 056 RF SDD","20191502161",,2021
54,"5 - VLS 056 RF SDD (20194432840)",20,"Vestfrost Solutions","VLS 056 RF SDD","20194432840",,2021
27,"3 - VLS 054 SDD Greenline (20152838944)",22,"Vestfrost Solutions","VLS 054 SDD Greenline","20152838944",,2018
34,"3 - VLS 054 SDD Greenline (20174651520)",23,"Vestfrost Solutions","VLS 054 SDD Greenline","20174651520",,2018
56,"5 - VLS 056 RF SDD (20194432844)",24,"Vestfrost Solutions","VLS 056 RF SDD","20194432844",,2021
26,"5 - TCW 2043 SDD (5463614)",25,"B Medical Systems Sarl (Dometic)","TCW 2043 SDD","5463614",,2017
39,"5 - VLS 056 RF SDD (20194432846)",27,"Vestfrost Solutions","VLS 056 RF SDD","20194432846",,2021
29,"3 - MK074 (NA)",28,"Vestfrost","MK074","NA",,2018
55,"3 - TCW 40 SDD (???)",29,"B Medical Systems Sarl (Dometic)","TCW 40 SDD","???",,2022
58,"5 - TCW 40 SDD (1032566)",30,"B Medical Systems Sarl (Dometic)","TCW 40 SDD","1032566",,2022
59,"5 - TCW 40 SDD (1032543)",32,"B Medical Systems Sarl (Dometic)","TCW 40 SDD","1032543",,2022
19,"3 - VLS 054 SDD Greenline (20154728200)",42,"Vestfrost Solutions","VLS 054 SDD Greenline","20154728200",,2017
1390,"5 - TCW 2043 SDD ()",43,"B Medical Systems Sarl (Dometic)","TCW 2043 SDD",,,2017
1386,"3 - RCW 50 EG/CF ()",44,"Electrolux","RCW 50 EG/CF",,,2005
10,"3 - VLS 054 SDD Greenline (20174641519)",54,"Vestfrost Solutions","VLS 054 SDD Greenline","20174641519",,2018
11,"3 - TCW 40 SDD (1032554)",54,"B Medical Systems Sarl (Dometic)","TCW 40 SDD","1032554",,2022
23,"5 - TCW 40 SDD (1032567)",55,"B Medical Systems Sarl (Dometic)","TCW 40 SDD","1032567",,2022
522,"8 - Blow King; 20litres ()",58,"Blow Kings","Blow King; 20litres",,,
1070,"3 - VLS 400A AC (20220828181)",58,"Vestfrost Solutions","VLS 400A AC","20220828181",,2023
1072,"3 - VLS 400A AC (20194736919)",58,"Vestfrost Solutions","VLS 400A AC","20194736919",,2023
1074,"8 - Large vaccine cold box ()",58,"Dometic","Large vaccine cold box",,,
1075,"8 - Large vaccine cold box ()",58,"Dometic","Large vaccine cold box",,,
1076,"8 - Large vaccine cold box ()",58,"Dometic","Large vaccine cold box",,,
2562,"3 - VLS 404A AC (20239200418)",58,"Vestfrost Solutions","VLS 404A AC","20239200418",,2024
2563,"3 - VLS 404A AC (20230200419)",58,"Vestfrost Solutions","VLS 404A AC","20230200419",,2024
2565,"3 - VLS 404A AC (20230200426)",58,"Vestfrost Solutions","VLS 404A AC","20230200426",,2024
2566,"3 - VLS 404A AC (20230200427)",58,"Vestfrost Solutions","VLS 404A AC","20230200427",,2024
2568,"4 - MF 314 (20230200391)",58,"Vestfrost Solutions","MF 314","20230200391",,2024
2569,"4 - MF 314 (20230200394)",58,"Vestfrost Solutions","MF 314","20230200394",,2024
2570,"16 - EMT 15 - 4F ()",58,"Others","EMT 15 - 4F",,,2024
1462,"21 -  ()",116,,,,,
1525,"5 - VLS 056 RF SDD (20194635021)",130,"Vestfrost Solutions","VLS 056 RF SDD","20194635021",,2021
1463,"22 - LAND Cruiser 10 Seater ()",116,"Toyota","LAND Cruiser 10 Seater",,,
1975,"5 - TCW 40 SDD ()",753,"B Medical Systems Sarl (Dometic)","TCW 40 SDD",,,2021
2002,"3 - VLS 056 RF SDD ()",126,"Vestfrost Solutions","VLS 056 RF SDD",,,2017
998,"4 - MF 314 ()",59,"Vestfrost","MF 314",,,2022
2072,"5 - NRC 30-10 ()",131,"Norcoast","NRC 30-10",,,2004
2005,"3 - VLS 056 RF SDD ()",130,"Vestfrost Solutions","VLS 056 RF SDD",,,2021
1262,"3 - VLS 054 SDD Greenline (20154728242)",117,"Vestfrost Solutions","VLS 054 SDD Greenline","20154728242",,2017
1964,"5 - NRC 30-10 ()",754,"Norcoast","NRC 30-10",,,2005
2572,"16 - EMT 15 - 4F ()",58,"Others","EMT 15 - 4F",,,2024
1954,"5 - VLS 056 RF SDD ()",759,"Vestfrost Solutions","VLS 056 RF SDD",,,2021
1995,"3 - TCW 40 SDD ()",126,"Vestfrost Solutions","TCW 40 SDD",,,2017
1976,"5 - VLS 056 RF SDD ()",753,"Vestfrost Solutions","VLS 056 RF SDD",,,2020
2003,"4 - VLS 056 RF SDD ()",126,"Vestfrost Solutions","VLS 056 RF SDD",,,2021
997,"3 - VLS 154 SDD Greenline (104319970)",59,"Vestfrost Solutions","VLS 154 SDD Greenline","104319970",,2022
2073,"5 - TCW 40 SDD ()",132,"B Medical Systems Sarl (Dometic)","TCW 40 SDD",,,2021
1524,"3 - VLS 054 SDD Greenline (20154728235)",127,"Vestfrost Solutions","VLS 054 SDD Greenline","20154728235",,2017
2070,"5 - TCW 40 SDD ()",118,"B Medical Systems Sarl (Dometic)","TCW 40 SDD",,,2021
2032,"3 - VLS 056 RF SDD ()",119,"Vestfrost Solutions","VLS 056 RF SDD",,,2018
1991,"3 - VLS 056 RF SDD ()",121,"Vestfrost Solutions","VLS 056 RF SDD",,,2021
1992,"3 - VLS 056 RF SDD ()",121,"Vestfrost Solutions","VLS 056 RF SDD",,,2021
1993,"3 - TCW 40 SDD ()",121,"B Medical Systems Sarl (Dometic)","TCW 40 SDD",,,2021
1994,"3 - TCW 40 SDD ()",121,"B Medical Systems Sarl (Dometic)","TCW 40 SDD",,,2021
1521,"5 - VLS 056 RF SDD (20194635011)",122,"Vestfrost Solutions","VLS 056 RF SDD","20194635011",,2021
1522,"5 - VLS 056 RF SDD (20194635013)",123,"Vestfrost Solutions","VLS 056 RF SDD","20194635013",,2021
1523,"5 - TCW 40 SDD (1032739)",124,"B Medical Systems Sarl (Dometic)","TCW 40 SDD","1032739",,2021
2004,"3 - VLS 056 RF SDD ()",127,"Vestfrost Solutions","VLS 056 RF SDD",,,2017
2076,"3 - NRC 30-10 ()",128,"Norcoast","NRC 30-10",,,2004
1967,"3 - RCW 42 EG/CF ()",751,"Electrolux","RCW 42 EG/CF",,,2000
2074,"3 - NRC 30-10 ()",132,"Norcoast","NRC 30-10",,,2004
2034,"5 - TCW 40 SDD ()",133,"B Medical Systems Sarl (Dometic)","TCW 40 SDD",,,2021
128,"3 - VLS 054 SDD Greenline (20200-95954)",134,"Vestfrost Solutions","VLS 054 SDD Greenline","20200-95954",,2021
140,"3 - TCW 40 SDD (1032636)",134,"B Medical Systems Sarl (Dometic)","TCW 40 SDD","1032636",,2021
147,"3 - MK074 (Nil)",134,"Vestfrost","MK074","Nil",,2008
156,"3 - VLS 054 SDD Greenline ()",134,"Vestfrost Solutions","VLS 054 SDD Greenline",,,2018
1974,"5 - VLS 056 RF SDD ()",753,"Vestfrost Solutions","VLS 056 RF SDD",,,2020
1980,"5 - VLS 056 RF SDD ()",756,"Vestfrost Solutions","VLS 056 RF SDD",,,2020
2571,"16 - EMT 15 - 4F ()",58,"Others","EMT 15 - 4F",,,2024
1665,"4 - MF 314 ()",116,"Vestfrost","MF 314",,,2017
201,"3 - TCW 40 SDD ()",134,"B Medical Systems Sarl (Dometic)","TCW 40 SDD",,,2021
2415,"3 - MK074 ()",134,"Vestfrost","MK074",,,2008
1578,"5 - VLS 056 RF SDD (20200952954)",135,"Vestfrost Solutions","VLS 056 RF SDD","20200952954",,2021
1579,"5 - TCW 40 SDD (1032636)",136,"B Medical Systems Sarl (Dometic)","TCW 40 SDD","1032636",,2021
1580,"3 - MK074 ()",137,"Vestfrost","MK074",,,2008
1582,"3 - MK074 ()",137,"Vestfrost","MK074",,,2008
2035,"3 - MK074 ()",137,"Vestfrost","MK074",,,2008
2036,"3 - VLS 056 RF SDD ()",137,"Vestfrost Solutions","VLS 056 RF SDD",,,2023
1584,"3 - VLS 054 SDD Greenline (20154728222)",139,"Vestfrost Solutions","VLS 054 SDD Greenline","20154728222",,2017
1585,"3 - TCW 40 SDD (1032662)",140,"B Medical Systems Sarl (Dometic)","TCW 40 SDD","1032662",,2021
1586,"3 - VLS 054 SDD Greenline ()",141,"Vestfrost Solutions","VLS 054 SDD Greenline",,,2018
2060,"5 - TCW 40 SDD ()",141,"B Medical Systems Sarl (Dometic)","TCW 40 SDD",,,2021
311,"3 - VLS 400A Greenlin ()",145,"Vestfrost Solutions","VLS 400A Greenlin",,,2021
312,"3 - VLS 400 Greenline ()",145,"Vestfrost","VLS 400 Greenline",,,2021
313,"3 - VLS 400A Greenline ()",145,"Vestfrost Solutions","VLS 400A Greenline",,,2021
314,"3 - VLS 400A Greenline ()",145,"Vestfrost Solutions","VLS 400A Greenline",,,2021
316,"3 - VLS 400A Greenline ()",145,"Vestfrost Solutions","VLS 400A Greenline",,,2021
317,"3 - VLS 400A Greenlin ()",145,"Vestfrost Solutions","VLS 400A Greenlin",,,2021
318,"3 - VLS 400A Greenline ()",145,"Vestfrost Solutions","VLS 400A Greenline",,,2021
319,"3 - VLS 400A Greenline ()",145,"Vestfrost Solutions","VLS 400A Greenline",,,2021
321,"3 - MF 314 ()",145,"Vestfrost","MF 314",,,2021
332,"3 - MF 314 ()",145,"Vestfrost Solutions","MF 314",,,2021
334,"3 - VLS 064 RF ()",145,"Vestfrost","VLS 064 RF",,,2021
335,"3 - VLS 064 RF ()",145,"Vestfrost","VLS 064 RF",,,2021
337,"3 - VLS 054 SDD Greenline ()",145,"Vestfrost Solutions","VLS 054 SDD Greenline",,,2018
338,"3 - RCW 42 EG/CF ()",145,"Electrolux","RCW 42 EG/CF",,,2005
339,"3 - VLS 054 SDD Greenline ()",145,"Vestfrost Solutions","VLS 054 SDD Greenline",,,2018
340,"3 - TCW 40 SDD ()",145,"B Medical Systems Sarl (Dometic)","TCW 40 SDD",,,2021
342,"3 - TCW 40 SDD ()",145,"B Medical Systems Sarl (Dometic)","TCW 40 SDD",,,2021
343,"3 - MK 304 ()",145,"Vestfrost","MK 304",,,2008
344,"3 - VLS 350A Greenline ()",145,"Vestfrost Solutions","VLS 350A Greenline",,,2018
345,"3 - VLS 350A Greenline ()",145,"Vestfrost Solutions","VLS 350A Greenline",,,2018
346,"3 - 4MK14 ()",145,"Vestfrost","4MK14",,,2017
349,"3 - VLS 400A Greenline ()",145,"Vestfrost Solutions","VLS 400A Greenline",,,2021
350,"3 - VLS 056 RF SDD ()",145,"Vestfrost Solutions","VLS 056 RF SDD",,,2021
352,"3 - VLS 054 SDD Greenline ()",145,"Vestfrost Solutions","VLS 054 SDD Greenline",,,2018
353,"3 - TCW 40 SDD ()",145,"B Medical Systems Sarl (Dometic)","TCW 40 SDD",,,2021
1588,"3 - VLS 064 RF (20220827743)",146,"Vestfrost","VLS 064 RF","20220827743",,2023
2037,"3 - VLS 400A Greenline ()",147,"Vestfrost Solutions","VLS 400A Greenline",,,2021
2039,"3 - VLS 400A Greenline ()",147,"Vestfrost Solutions","VLS 400A Greenline",,,2021
2040,"3 - VLS 400A Greenline ()",147,"Vestfrost Solutions","VLS 400A Greenline",,,2021
2041,"3 - VLS 400A Greenline ()",147,"Vestfrost Solutions","VLS 400A Greenline",,,2021
2042,"3 - VLS 400A Greenline ()",147,"Vestfrost Solutions","VLS 400A Greenline",,,2021
2044,"3 - VLS 400A Greenline ()",147,"Vestfrost Solutions","VLS 400A Greenline",,,2021
2045,"3 - VLS 400A Greenline ()",147,"Vestfrost Solutions","VLS 400A Greenline",,,2021
2046,"3 - VLS 400A Greenline ()",147,"Vestfrost Solutions","VLS 400A Greenline",,,2021
2047,"3 - VLS 400A Greenline ()",147,"Vestfrost Solutions","VLS 400A Greenline",,,2021
2048,"4 - MF 314 ()",147,"Vestfrost","MF 314",,,2021
2050,"3 - VLS 064 RF ()",147,"Vestfrost","VLS 064 RF",,,2023
2051,"3 - VLS 064 RF ()",147,"Vestfrost","VLS 064 RF",,,2023
2053,"3 - VLS 350A Greenline ()",147,"Vestfrost Solutions","VLS 350A Greenline",,,2018
2054,"3 - MK 144 ()",147,"Vestfrost","MK 144",,,2017
2055,"3 - MK 144 ()",147,"Vestfrost","MK 144",,,2017
2056,"3 - MF 314 ()",147,"Vestfrost","MF 314",,,2004
2835,"5 - TCW 40 ()",1307,"B Medical Systems Sarl (Dometic)","TCW 40",,,2021
196,"3 - TCW 40 SDD (1032715)",134,"B Medical Systems Sarl (Dometic)","TCW 40 SDD","1032715",,2021
199,"3 - TCW 40 SDD (1032662)",134,"B Medical Systems Sarl (Dometic)","TCW 40 SDD","1032662",,2021
2012,"3 - VLS 054 SDD Greenline ()",154,"Vestfrost Solutions","VLS 054 SDD Greenline",,,2018
2014,"3 - VLS 056 RF SDD ()",154,"Vestfrost Solutions","VLS 056 RF SDD",,,2018
2015,"3 - TCW 40 SDD ()",154,"B Medical Systems Sarl (Dometic)","TCW 40 SDD",,,2021
2016,"3 - VLS 056 RF SDD ()",155,"Vestfrost Solutions","VLS 056 RF SDD",,,2021
2018,"3 - VLS 056 RF SDD ()",157,"Vestfrost Solutions","VLS 056 RF SDD",,,2021
2020,"5 - TCW 40 SDD ()",158,"B Medical Systems Sarl (Dometic)","TCW 40 SDD",,,2021
298,"3 - VLS 400A Greenline ()",162,"Vestfrost Solutions","VLS 400A Greenline",,,2021
299,"3 - VLS 054 SDD Greenline ()",162,"Vestfrost Solutions","VLS 054 SDD Greenline",,,2018
301,"3 - VLS 054 SDD Greenline ()",162,"Vestfrost Solutions","VLS 054 SDD Greenline",,,2018
302,"3 - VLS 064 RF ()",162,"Vestfrost","VLS 064 RF",,,2023
303,"3 - TCW 40 SDD ()",162,"B Medical Systems Sarl (Dometic)","TCW 40 SDD",,,2021
307,"3 - VLS 054 SDD Greenline ()",162,"Vestfrost","VLS 054 SDD Greenline",,,2018
308,"3 - VLS 054 SDD Greenline ()",162,"Vestfrost Solutions","VLS 054 SDD Greenline",,,2021
309,"3 - TCW 40 SDD ()",162,"B Medical Systems Sarl (Dometic)","TCW 40 SDD",,,2021
310,"3 - TSDDCW 40 ()",162,"B Medical Systems Sarl (Dometic)","TSDDCW 40",,,2021
2007,"3 - VLS 056 RF SDD ()",163,"Vestfrost Solutions","VLS 056 RF SDD",,,2018
2008,"3 - VLS 064 RF ()",163,"Vestfrost","VLS 064 RF",,,2023
2009,"3 - TCW 40 SDD ()",164,"B Medical Systems Sarl (Dometic)","TCW 40 SDD",,,2021
2431,"5 - TCW 40 SDD ()",165,"B Medical Systems Sarl (Dometic)","TCW 40 SDD",,,2021
552,"3 - MK304 (Not available)",166,"Vestfrost","MK304","Not available",,2010
553,"4 - MF 314 (Not available)",166,"Vestfrost","MF 314","Not available",,2010
554,"3 - VLS 350A Greenline (Not available)",166,"Vestfrost Solutions","VLS 350A Greenline","Not available",,2018
557,"3 - VLS 400A Greenline (20201054643)",166,"Vestfrost Solutions","VLS 400A Greenline","20201054643",,2021
558,"3 - VLS 400A Greenline (20194736902)",166,"Vestfrost Solutions","VLS 400A Greenline","20194736902",,2021
560,"3 - VLS 400A Greenline (20194736918)",166,"Vestfrost Solutions","VLS 400A Greenline","20194736918",,2021
561,"3 - VLS 400A Greenline (20194736948)",166,"Vestfrost Solutions","VLS 400A Greenline","20194736948",,2021
563,"4 - MF 314 (20193724051)",166,"Vestfrost","MF 314","20193724051",,2021
1219,"3 - VLS 404A AC (20194736912)",166,"Vestfrost Solutions","VLS 404A AC","20194736912",,2023
1220,"4 - MF 314 (20193724051)",166,"Vestfrost","MF 314","20193724051",,2023
153,"3 - VLS 400A Greenline (20201054597)",167,"Vestfrost Solutions","VLS 400A Greenline","20201054597",,2021
162,"4 - MF 314 (20193724061)",167,"Vestfrost","MF 314","20193724061",,2021
6,"3 - MK074 ()",168,"Vestfrost","MK074",,,2010
7,"3 - VLS 064 RF ()",168,"Vestfrost","VLS 064 RF",,,2023
135,"3 - MK144 (Not available)",168,"Vestfrost","MK144","Not available",,2012
172,"3 - VLS 056 RF SDD (20214813446)",169,"Vestfrost Solutions","VLS 056 RF SDD","20214813446",,2023
184,"3 - VLS 064 RF (20228277364)",170,"Vestfrost","VLS 064 RF","20228277364",,2023
4,"3 - MK074 ()",171,"Vestfrost","MK074",,,2012
5,"3 - VLS 056 RF SDD ()",171,"Vestfrost Solutions","VLS 056 RF SDD",,,2023
191,"3 - VLS 056 RF SDD (20220662561)",171,"Vestfrost Solutions","VLS 056 RF SDD","20220662561",,2023
431,"5 - VLS 056 RF SDD (20194534026)",173,"Vestfrost Solutions","VLS 056 RF SDD","20194534026",,2021
428,"3 - MK074 (Not available)",174,"Vestfrost","MK074","Not available",,2015
427,"3 - MK074 (Not available)",175,"Vestfrost","MK074","Not available",,2017
429,"3 - MK144 (Not available)",176,"Vestfrost","MK144","Not available",,2017
1943,"3 - MK074 ()",177,"Vestfrost","MK074",,,2010
436,"3 - VLS 064 RF (20220827800)",180,"Vestfrost","VLS 064 RF","20220827800",,2023
437,"3 - RCW 50 EG/CF (Not available)",181,"Electrolux","RCW 50 EG/CF","Not available",,2005
438,"3 - MK074 (Not available)",183,"Vestfrost","MK074","Not available",,2017
440,"3 - VLS 064 RF (20220827788)",184,"Vestfrost","VLS 064 RF","20220827788",,2023
445,"3 - VLS 400A Greenline (20201054640)",185,"Vestfrost Solutions","VLS 400A Greenline","20201054640",,2021
441,"5 - VLS 056 RF SDD (20220117641)",186,"Vestfrost Solutions","VLS 056 RF SDD","20220117641",,2023
451,"5 - VLS 056 RF SDD (20194130643)",187,"Vestfrost Solutions","VLS 056 RF SDD","20194130643",,2021
453,"5 - VLS 056 RF SDD (20194130651)",189,"Vestfrost Solutions","VLS 056 RF SDD","20194130651",,2021
442,"3 - TCW 2043 SDD (5463503)",190,"B Medical Systems Sarl (Dometic)","TCW 2043 SDD","5463503",,2018
2849,"5 - VLS 054 ()",1312,"Vestfrost Solutions","VLS 054",,,2020
2061,"3 - VLS 054 SDD Greenline ()",153,"Vestfrost Solutions","VLS 054 SDD Greenline",,,2018
2062,"5 - TCW 40 SDD ()",153,"B Medical Systems Sarl (Dometic)","TCW 40 SDD",,,2021
448,"3 - VLS 056 RF SDD (20194534021)",195,"Vestfrost Solutions","VLS 056 RF SDD","20194534021",,2021
471,"5 - VLS 056 RF SDD (20194534021)",195,"Vestfrost Solutions","VLS 056 RF SDD","20194534021",,2021
450,"3 - MK074 (Not available)",197,"Vestfrost","MK074","Not available",,2017
452,"5 - VLS 056 RF SDD (20194534024)",198,"Vestfrost Solutions","VLS 056 RF SDD","20194534024",,2021
455,"5 - VLS 056 RF SDD (20194534653)",199,"Vestfrost Solutions","VLS 056 RF SDD","20194534653",,2021
458,"3 - MK144 (Not available)",200,"Vestfrost","MK144","Not available",,2017
456,"3 - MK144 (Not available)",201,"Vestfrost","MK144","Not available",,2017
457,"3 - VLS 064 RF (2220827767)",203,"Vestfrost","VLS 064 RF","2220827767",,2023
433,"5 - VLS 056 RF SDD (20194534023)",204,"Vestfrost Solutions","VLS 056 RF SDD","20194534023",,2021
432,"5 - VLS 056 RF SDD (20194534028)",205,"Vestfrost Solutions","VLS 056 RF SDD","20194534028",,2021
3,"3 - VLS 054 SDD Greenline ()",207,"Vestfrost Solutions","VLS 054 SDD Greenline",,,2021
2604,"8 - ARKTEK (200058)",249,"AUCMA","ARKTEK","200058",,
1014,"3 - MK 304 ()",272,"Vestfrost","MK 304",,,2016
1015,"3 - MK 304 ()",272,"Vestfrost","MK 304",,,2016
1016,"3 - MK 144 (20154728716)",272,"Vestfrost","MK 144","20154728716",,2016
1018,"3 - VLS 400A GreenLine (20200952923)",272,"Vestfrost Solutions","VLS 400A GreenLine","20200952923",,2021
1019,"3 - VLS 400A GreenLine (20201054595)",272,"Vestfrost Solutions","VLS 400A GreenLine","20201054595",,2021
1020,"3 - VLS 400A GreenLine (20194736941)",272,"Vestfrost Solutions","VLS 400A GreenLine","20194736941",,2021
1021,"3 - VLS 400A GreenLine (20200952919)",272,"Vestfrost Solutions","VLS 400A GreenLine","20200952919",,2021
1024,"4 - MF 314 (20194432268)",272,"Vestfrost","MF 314","20194432268",,2021
2417,"3 - VLS 054 SDD Greenline ()",273,"Vestfrost Solutions","VLS 054 SDD Greenline",,,2016
2418,"3 - VLS 054 SDD Greenline ()",273,"Vestfrost Solutions","VLS 054 SDD Greenline",,,2016
2419,"5 - TCW 40 SDD ()",273,"B Medical Systems Sarl (Dometic)","TCW 40 SDD",,,2021
2420,"5 - TCW 40 SDD ()",273,"B Medical Systems Sarl (Dometic)","TCW 40 SDD",,,2021
1026,"3 - VLS 054 SDD (20154726261)",274,"Vestfrost Solutions","VLS 054 SDD","20154726261",,2016
1028,"5 - TCW 40 SDD (1032662)",275,"B Medical Systems Sarl (Dometic)","TCW 40 SDD","1032662",,2021
1034,"3 - TCW 40 SDD (1032549)",276,"B Medical Systems Sarl (Dometic)","TCW 40 SDD","1032549",,2021
1050,"3 - MK074 ()",278,"Vestfrost","MK074",,,2008
1186,"3 - MK 144 ()",279,"Vestfrost","MK 144",,,2010
1049,"3 - MK074 ()",280,"Vestfrost","MK074",,,2010
1052,"3 - MK074 ()",281,"Vestfrost","MK074",,,2010
1055,"3 - MK074 ()",283,"Vestfrost","MK074",,,2010
2433,"3 - MK074 ()",283,"Vestfrost","MK074",,,2010
2434,"3 - MK074 ()",283,"Vestfrost","MK074",,,2010
2435,"3 - TCW 40 SDD ()",283,"B Medical Systems Sarl (Dometic)","TCW 40 SDD",,,2019
1054,"3 - MK074 ()",284,"Vestfrost","MK074",,,2010
1058,"5 - VLS 056 RF SDD (20194432854)",286,"Vestfrost Solutions","VLS 056 RF SDD","20194432854",,2021
1056,"3 - MK074 ()",287,"Vestfrost","MK074",,,2010
1059,"3 - VLS 404A AC (20201054657)",288,"Vestfrost Solutions","VLS 404A AC","20201054657",,2021
2437,"3 - VLS 064 RF ()",288,"Vestfrost","VLS 064 RF",,,2023
2438,"3 - VLS 404A AC ()",288,"Vestfrost Solutions","VLS 404A AC",,,2023
2439,"3 - VLS 404A AC ()",288,"Vestfrost Solutions","VLS 404A AC",,,2023
2440,"3 - VLS 064 RF ()",288,"Vestfrost","VLS 064 RF",,,2023
1060,"3 - MK 304 ()",289,"Vestfrost","MK 304",,,2010
1061,"3 - VLS 054 SDD (20154728256)",290,"Vestfrost Solutions","VLS 054 SDD","20154728256",,2016
1062,"3 - MK074 ()",291,"Vestfrost","MK074",,,2018
1091,"5 - TCW 40 SDD (1032680)",295,"B Medical Systems Sarl (Dometic)","TCW 40 SDD","1032680",,2021
1090,"3 - RCW 42 EG/CF ()",296,"Electrolux","RCW 42 EG/CF",,,2002
1119,"3 - NRC 30-10 ()",297,"Norcoast","NRC 30-10",,,2002
1118,"3 - RCW 42 EG/CF ()",298,"Electrolux","RCW 42 EG/CF",,,2002
1126,"3 - NRC 30-10 ()",300,"Norcoast","NRC 30-10",,,2002
1132,"3 - TCW 40 SDD (1032631)",302,"B Medical Systems Sarl (Dometic)","TCW 40 SDD","1032631",,2021
1134,"3 - TCW 40 SDD (1032697)",303,"B Medical Systems Sarl (Dometic)","TCW 40 SDD","1032697",,2021
1140,"5 - VLS 056 RF SDD (20194432853)",304,"Vestfrost Solutions","VLS 056 RF SDD","20194432853",,2021
2853,"3 - TCW 40 ()",1315,"B Medical Systems Sarl (Dometic)","TCW 40",,,2017
446,"3 - TCW 2000 SDD (6262715)",193,"B Medical Systems Sarl (Dometic)","TCW 2000 SDD","6262715",,2017
447,"3 - VLS 056 RF SDD (2022017646)",194,"Vestfrost Solutions","VLS 056 RF SDD","2022017646",,2023
1141,"5 - TCW 40 SDD (1032699)",314,"B Medical Systems Sarl (Dometic)","TCW 40 SDD","1032699",,2021
1139,"3 - NRC 30-10 ()",316,"Norcoast","NRC 30-10",,,2002
1145,"5 - TCW 40 SDD ()",317,"B Medical Systems Sarl (Dometic)","TCW 40 SDD",,,2019
1144,"3 - NRC 30-10 ()",318,"Norcoast","NRC 30-10",,,2002
1146,"5 - TCW 2043 SDD (5473508)",319,"B Medical Systems Sarl (Dometic)","TCW 2043 SDD","5473508",,2017
1147,"5 - TCW 40 SDD (1032693)",319,"B Medical Systems Sarl (Dometic)","TCW 40 SDD","1032693",,2021
1149,"5 - VLS 056 RF SDD (20194736352)",322,"Vestfrost Solutions","VLS 056 RF SDD","20194736352",,2021
1589,"3 - VLS 056 RF SDD ()",330,"Vestfrost Solutions","VLS 056 RF SDD",,,2021
1595,"3 - VLS 404A AC ()",330,"Vestfrost Solutions","VLS 404A AC",,,2021
1596,"5 - TCW 40 SDD ()",330,"B Medical Systems Sarl (Dometic)","TCW 40 SDD",,,2019
1990,"5 - TCW 40 SDD ()",330,"B Medical Systems Sarl (Dometic)","TCW 40 SDD",,,2019
1527,"3 - TCW 40 SDD ()",331,"B Medical Systems Sarl (Dometic)","TCW 40 SDD",,,2019
1464,"5 - VLS 056 RF SDD (20194736366)",332,"Vestfrost Solutions","VLS 056 RF SDD","20194736366",,2021
1598,"5 - TCW 40 SDD ()",333,"B Medical Systems Sarl (Dometic)","TCW 40 SDD",,,2019
1996,"3 - RCW 42 EG/CF ()",335,"Electrolux","RCW 42 EG/CF",,,2000
1424,"3 - TCW 40 SDD ()",336,"B Medical Systems Sarl (Dometic)","TCW 40 SDD",,,2019
1997,"5 - VLS 056 RF SDD (20194736360)",336,"Vestfrost Solutions","VLS 056 RF SDD","20194736360",,2021
1600,"3 - VLS 404AMK074 AC ()",337,"Vestfrost","VLS 404AMK074 AC",,,2010
356,"3 - VLS 404A AC ()",338,"Vestfrost Solutions","VLS 404A AC",,,2023
357,"3 - TCW 2000 ()",338,"Electrolux","TCW 2000",,,2017
358,"3 - MK074 ()",338,"Vestfrost","MK074",,,2010
359,"3 - VLS 404A AC ()",338,"Vestfrost Solutions","VLS 404A AC",,,2023
361,"3 - TCW 2000 SDD ()",338,"B Medical Systems Sarl (Dometic)","TCW 2000 SDD",,,2017
362,"3 - TCW 2000 SDD ()",338,"B Medical Systems Sarl (Dometic)","TCW 2000 SDD",,,2017
363,"3 - VLS 056 RF SDD ()",338,"Vestfrost Solutions","VLS 056 RF SDD",,,2021
365,"3 - VLS 056 RF SDD ()",338,"Vestfrost Solutions","VLS 056 RF SDD",,,2021
1465,"5 - TCW 2000 SDD ()",338,"B Medical Systems Sarl (Dometic)","TCW 2000 SDD",,,2017
1601,"5 - TCW 2000 ()",339,"Electrolux","TCW 2000",,,2023
1607,"5 - TCW 2000 SDD ()",339,"B Medical Systems Sarl (Dometic)","TCW 2000 SDD",,,2017
1602,"5 - TCW 2000 ()",340,"Electrolux","TCW 2000",,,2017
1603,"5 - TCW 2000 ()",341,"Electrolux","TCW 2000",,,2017
1605,"5 - TCW 2000 SDD ()",341,"B Medical Systems Sarl (Dometic)","TCW 2000 SDD",,,2017
1604,"5 - TCW 2000 SDD ()",342,"B Medical Systems Sarl (Dometic)","TCW 2000 SDD",,,2017
1609,"3 - VLS 404A AC ()",344,"Vestfrost Solutions","VLS 404A AC",,,2023
1610,"3 - RCW 50 EG/CF ()",345,"Electrolux","RCW 50 EG/CF",,,2005
1611,"5 - VLS 056 RF SDD ()",346,"Vestfrost Solutions","VLS 056 RF SDD",,,2021
1612,"5 - TCW 2000 SDD ()",347,"B Medical Systems Sarl (Dometic)","TCW 2000 SDD",,,2017
367,"3 - TCW 2000 SDD ()",348,"B Medical Systems Sarl (Dometic)","TCW 2000 SDD",,,2017
368,"3 - MK074 ()",348,"Vestfrost","MK074",,,2005
369,"3 - VLS 064 RF ()",348,"Vestfrost","VLS 064 RF",,,2023
370,"3 - TCW 40 SDD ()",348,"B Medical Systems Sarl (Dometic)","TCW 40 SDD",,,2019
371,"3 - 74MK0 ()",348,"Vestfrost","74MK0",,,2008
373,"3 - VLS 064 RF ()",348,"Vestfrost","VLS 064 RF",,,2017
374,"3 - VLS 056 RF SDD ()",348,"Vestfrost Solutions","VLS 056 RF SDD",,,2021
375,"3 - VLS 056 RF SDD ()",348,"Vestfrost Solutions","VLS 056 RF SDD",,,2023
1615,"5 - TCW 2000 SDD ()",350,"B Medical Systems Sarl (Dometic)","TCW 2000 SDD",,,2017
1616,"5 - VLS 056 RF SDD ()",351,"Vestfrost Solutions","VLS 056 RF SDD",,,2021
1617,"3 - MK074 ()",352,"Vestfrost","MK074",,,2005
1466,"5 - TCW 40 SDD (8432267)",353,"B Medical Systems Sarl (Dometic)","TCW 40 SDD","8432267",,2019
1619,"5 - VLS 056 RF SDD ()",354,"Vestfrost Solutions","VLS 056 RF SDD",,,2021
1620,"3 - MK074 ()",355,"Vestfrost","MK074",,,2008
1621,"3 - VLS 054 SDD Greenline ()",356,"Vestfrost Solutions","VLS 054 SDD Greenline",,,2017
1622,"3 - MK304 ()",357,"Vestfrost","MK304",,,2008
1624,"3 - VLS 064 RF ()",359,"Vestfrost","VLS 064 RF",,,2023
1625,"3 - MK074 ()",360,"Vestfrost","MK074",,,2008
2859,"5 - VLS 056 ()",1319,"Vestfrost Solutions","VLS 056",,,2020
1121,"3 - NRC 30-10 ()",310,"Norcoast","NRC 30-10",,,2002
1123,"3 - RCW 42 EG/CF ()",312,"Electrolux","RCW 42 EG/CF",,,2005
1628,"5 - TCW 2000 SDD ()",364,"B Medical Systems Sarl (Dometic)","TCW 2000 SDD",,,2017
2000,"5 - TCW 40 SDD ()",365,"B Medical Systems Sarl (Dometic)","TCW 40 SDD",,,2021
2001,"3 - RCW 50 EG/CF ()",365,"Electrolux","RCW 50 EG/CF",,,2000
1629,"3 - VLS 400A Greenline ()",367,"Vestfrost Solutions","VLS 400A Greenline",,,2023
1631,"5 - VLS 056 RF SDD ()",368,"Vestfrost Solutions","VLS 056 RF SDD",,,2021
1632,"3 - RCW 50 EG/CF ()",369,"Electrolux","RCW 50 EG/CF",,,2006
1633,"5 - VLS 056 RF SDD ()",370,"Vestfrost Solutions","VLS 056 RF SDD",,,2021
1635,"5 - VLS 056 RF SDD ()",371,"Vestfrost Solutions","VLS 056 RF SDD",,,2021
1634,"5 - VLS 056 RF SDD ()",372,"Vestfrost Solutions","VLS 056 RF SDD",,,2021
1614,"5 - TCW 40 SDD ()",375,"B Medical Systems Sarl (Dometic)","TCW 40 SDD",,,2021
74,"3 - VLS 400A Greenline (20200952949)",377,"Vestfrost Solutions","VLS 400A Greenline","20200952949",,2020
82,"3 - VLS 400A Greenline (20200952952)",377,"Vestfrost Solutions","VLS 400A Greenline","20200952952",,2020
99,"3 - VLS 400A Greenline (20194736958)",377,"Vestfrost Solutions","VLS 400A Greenline","20194736958",,2020
113,"3 - VLS 400A Greenline (20104736954)",377,"Vestfrost Solutions","VLS 400A Greenline","20104736954",,2020
136,"4 - MF 314 (20193724057)",377,"Vestfrost","MF 314","20193724057",,2020
142,"4 - MF 314 (20190461144)",377,"Vestfrost","MF 314","20190461144",,2020
158,"3 - MK 304 (20154421046)",377,"Vestfrost","MK 304","20154421046",,2010
159,"3 - MK 304 (20154421046)",377,"Vestfrost","MK 304","20154421046",,2010
160,"3 - MK 304 (20154421046)",377,"Vestfrost","MK 304","20154421046",,2010
167,"3 - MK 304 ()",377,"Vestfrost","MK 304",,,2010
496,"3 - MK 304 ()",378,"Vestfrost","MK 304",,,2008
503,"3 - .mk074 ()",378,"Vestfrost",".mk074",,,2008
516,"3 - .mk0 ()",378,"Vestfrost",".mk0",,,2010
526,"3 - Mk074 ()",378,"Vestfrost","Mk074",,,2010
550,"3 - Vls ()",378,"Vestfrost","Vls",,,2018
568,"3 - Vls056rf SDD (21094534654)",378,"Vestfrost Solutions","Vls056rf SDD","21094534654",,2020
2024,"3 - BFRV55 ()",380,"SunDanzer","BFRV55",,,2006
2877,"5 - VLS 056 RF SDD (20242400546)",380,"Vestfrost Solutions","VLS 056 RF SDD","20242400546",,2025
2891,"5 - VLS 056 RF SDD (20242400546)",380,"Vestfrost Solutions","VLS 056 RF SDD","20242400546",,2025
2025,"3 - VLS 054 SDD Greenline (20174446510)",381,"Vestfrost Solutions","VLS 054 SDD Greenline","20174446510",,2018
2892,"5 - VLS 056 RF SDD (20242400530)",381,"Vestfrost Solutions","VLS 056 RF SDD","20242400530",,2025
2893,"5 - VLS 056 RF SDD (20242501109)",383,"Vestfrost Solutions","VLS 056 RF SDD","20242501109",,2025
597,"3 - MK 304 ()",395,"Vestfrost","MK 304",,,2008
613,"3 - Tcw2043 SDD (7502840)",395,"B Medical Systems Sarl (Dometic)","Tcw2043 SDD","7502840",,2018
827,"3 - Vls056rc (20194130670)",395,"Vestfrost Solutions","Vls056rc","20194130670",,2020
828,"3 - Vls056rc (20194130670)",395,"Vestfrost Solutions","Vls056rc","20194130670",,2020
686,"3 - Mk304 ()",400,"Vestfrost","Mk304",,,2008
687,"3 - Mk304 ()",400,"Vestfrost","Mk304",,,2008
688,"5 - Tcw2043 SDD (7502840)",400,"B Medical Systems Sarl (Dometic)","Tcw2043 SDD","7502840",,2018
2026,"3 - TCW 40 SDD ()",402,"B Medical Systems Sarl (Dometic)","TCW 40 SDD",,,2021
626,"3 - VC 65-2 ()",404,"Dulas","VC 65-2",,,2008
627,"3 - MK144 ()",404,"Vestfrost","MK144",,,2018
628,"3 - VLS 064 RF ()",404,"Vestfrost","VLS 064 RF",,,2017
629,"3 - VLS 054 SDD Greenline ()",404,"Vestfrost Solutions","VLS 054 SDD Greenline",,,2017
631,"3 - VLS 064 RF ()",404,"Vestfrost","VLS 064 RF",,,2023
632,"3 - VLS 064 RF ()",404,"Vestfrost","VLS 064 RF",,,2023
633,"3 - TCW 2000 SDD ()",404,"B Medical Systems Sarl (Dometic)","TCW 2000 SDD",,,2017
634,"3 - TCW 40 SD ()",404,"B Medical Systems Sarl (Dometic)","TCW 40 SD",,,2022
635,"3 - MK144 ()",404,"Vestfrost","MK144",,,2017
637,"3 - TCW 2000 SDD ()",404,"B Medical Systems Sarl (Dometic)","TCW 2000 SDD",,,2018
638,"3 - TCW 40 SDD ()",404,"B Medical Systems Sarl (Dometic)","TCW 40 SDD",,,2017
640,"3 - TCW 40 SDD ()",404,"B Medical Systems Sarl (Dometic)","TCW 40 SDD",,,2022
641,"3 - TCW 40 SDD ()",404,"B Medical Systems Sarl (Dometic)","TCW 40 SDD",,,2022
642,"3 - VLS 054 SDD Greenline ()",404,"Vestfrost Solutions","VLS 054 SDD Greenline",,,2018
643,"3 - TCW 2000 SDD ()",404,"B Medical Systems Sarl (Dometic)","TCW 2000 SDD",,,2017
624,"3 - MK304 ()",363,"Vestfrost","MK304",,,2008
625,"3 - MK074 ()",363,"Vestfrost","MK074",,,2017
650,"3 - VLS 054 SDD Greenline ()",404,"Vestfrost Solutions","VLS 054 SDD Greenline",,,2018
651,"3 - VLS 054 SDD Greenline ()",404,"Vestfrost Solutions","VLS 054 SDD Greenline",,,2018
653,"3 - TCW 2000 SDD ()",404,"B Medical Systems Sarl (Dometic)","TCW 2000 SDD",,,2017
654,"3 - TCW 2000 SDD ()",404,"B Medical Systems Sarl (Dometic)","TCW 2000 SDD",,,2017
655,"3 - TCW 2000 SDD ()",404,"B Medical Systems Sarl (Dometic)","TCW 2000 SDD",,,2017
656,"3 - VLS 054 SDD Greenline ()",404,"Vestfrost Solutions","VLS 054 SDD Greenline",,,2017
657,"3 - TCW 2000 SDD ()",404,"B Medical Systems Sarl (Dometic)","TCW 2000 SDD",,,2017
659,"3 - TCW 2000 SDD ()",404,"B Medical Systems Sarl (Dometic)","TCW 2000 SDD",,,2017
660,"3 - VLS 350A Greenline ()",404,"Vestfrost Solutions","VLS 350A Greenline",,,2023
661,"3 - VLS 064 RF ()",404,"Vestfrost","VLS 064 RF",,,2023
662,"3 - VLS 064 RF ()",404,"Vestfrost","VLS 064 RF",,,2023
664,"3 - TCW 40 SDD ()",404,"B Medical Systems Sarl (Dometic)","TCW 40 SDD",,,2022
665,"3 - TCW 40 SDD ()",404,"B Medical Systems Sarl (Dometic)","TCW 40 SDD",,,2022
666,"3 - TCW 40 SDD ()",404,"B Medical Systems Sarl (Dometic)","TCW 40 SDD",,,2022
667,"3 - MK 304 ()",404,"Vestfrost","MK 304",,,2008
669,"3 - V GreenlineLS 350A ()",404,"Vestfrost Solutions","V GreenlineLS 350A",,,2018
670,"3 - MK 144 ()",404,"Vestfrost","MK 144",,,2010
672,"3 - MF 314 ()",404,"Vestfrost","MF 314",,,2021
673,"3 - MF 314 ()",404,"Vestfrost","MF 314",,,2021
674,"3 - VLS 400A Greenline ()",404,"Vestfrost Solutions","VLS 400A Greenline",,,2023
1713,"3 - TCW 40 SDD ()",404,"Vestfrost","TCW 40 SDD",,,2017
1680,"3 - VLS 064 RF ()",406,"Vestfrost","VLS 064 RF",,,2023
2145,"3 - VLS 064 RF ()",406,"Vestfrost","VLS 064 RF",,,2023
1681,"3 - VLS 054 SDD Greenline ()",407,"Vestfrost Solutions","VLS 054 SDD Greenline",,,2017
1683,"5 - TCW 40 SDD ()",409,"B Medical Systems Sarl (Dometic)","TCW 40 SDD",,,2022
1684,"3 - VLS 056 RF SDD ()",410,"Vestfrost Solutions","VLS 056 RF SDD",,,2018
1685,"5 - TCW 2000 SDD ()",411,"B Medical Systems Sarl (Dometic)","TCW 2000 SDD",,,2017
1687,"5 - TCW 40 SDD ()",413,"B Medical Systems Sarl (Dometic)","TCW 40 SDD",,,2022
2142,"3 - TCW 40 SDD ()",414,"B Medical Systems Sarl (Dometic)","TCW 40 SDD",,,2022
2143,"3 - MK304 ()",414,"Vestfrost","MK304",,,2017
2144,"3 - VLS 064 RF ()",414,"Vestfrost","VLS 064 RF",,,2023
1688,"5 - TCW 2043 SDD ()",415,"B Medical Systems Sarl (Dometic)","TCW 2043 SDD",,,2018
1675,"3 - VLS 400A Greenline ()",417,"Vestfrost Solutions","VLS 400A Greenline",,,2021
1676,"4 - VLS 400A Greenline ()",417,"Vestfrost","VLS 400A Greenline",,,2012
2110,"5 - TCW 40 SDD ()",417,"B Medical Systems Sarl (Dometic)","TCW 40 SDD",,,2022
2111,"3 - VLS 056 RF SDD ()",417,"Vestfrost Solutions","VLS 056 RF SDD",,,2018
2113,"3 - TCW 3000 SDD ()",417,"B Medical Systems Sarl (Dometic)","TCW 3000 SDD",,,2017
2114,"3 - TCW 3000 SDD ()",417,"B Medical Systems Sarl (Dometic)","TCW 3000 SDD",,,2017
2115,"5 - TCW 2000 SDD ()",417,"B Medical Systems Sarl (Dometic)","TCW 2000 SDD",,,2017
2116,"5 - TCW 2000 SDD ()",417,"B Medical Systems Sarl (Dometic)","TCW 2000 SDD",,,2017
2117,"3 - RCW 50 EG/CF ()",417,"Electrolux","RCW 50 EG/CF",,,2005
2119,"3 - VLS 056 RF SDD ()",417,"Vestfrost Solutions","VLS 056 RF SDD",,,2018
2120,"5 - TCW 2000 SDD ()",417,"B Medical Systems Sarl (Dometic)","TCW 2000 SDD",,,2017
2122,"5 - TCW 2000 SDD ()",417,"B Medical Systems Sarl (Dometic)","TCW 2000 SDD",,,2017
1690,"5 - TCW 40 SDD ()",418,"B Medical Systems Sarl (Dometic)","TCW 40 SDD",,,2022
1691,"5 - TCW 2000 SDD ()",420,"B Medical Systems Sarl (Dometic)","TCW 2000 SDD",,,2017
1692,"5 - TCW 2000 SDD ()",420,"B Medical Systems Sarl (Dometic)","TCW 2000 SDD",,,2017
1693,"5 - VLS 064 RF ()",421,"Vestfrost","VLS 064 RF",,,2023
1699,"5 - TCW 2000 SDD ()",423,"B Medical Systems Sarl (Dometic)","TCW 2000 SDD",,,2017
1700,"3 - RCW 50 EG/CF ()",424,"Electrolux","RCW 50 EG/CF",,,2017
1695,"3 - VLS 054 SDD Greenline ()",425,"Vestfrost Solutions","VLS 054 SDD Greenline",,,2018
1696,"3 - VLS 054 SDD Greenline ()",426,"Vestfrost Solutions","VLS 054 SDD Greenline",,,2018
1698,"3 - VLS 054 SDD Greenline ()",426,"Vestfrost Solutions","VLS 054 SDD Greenline",,,2018
2871,"5 - VLS 054 ()",1356,"Vestfrost Solutions","VLS 054",,,2018
648,"3 - TCW 2000 SDD ()",404,"B Medical Systems Sarl (Dometic)","TCW 2000 SDD",,,2017
649,"3 - RCW 50 EG/CF ()",404,"Electrolux","RCW 50 EG/CF",,,2005
1678,"3 - VLS 064 RF ()",430,"Vestfrost","VLS 064 RF",,,2000
2123,"3 - VLS 400A Greenline ()",430,"Vestfrost Solutions","VLS 400A Greenline",,,2023
2124,"4 - MF 314 ()",430,"Vestfrost","MF 314",,,2021
2125,"4 - MF 314 ()",430,"Vestfrost","MF 314",,,2021
2127,"5 - TCW 2000 ()",430,"Electrolux","TCW 2000",,,2017
2128,"5 - VLS 054 SDD Greenline ()",430,"Vestfrost Solutions","VLS 054 SDD Greenline",,,2007
2129,"5 - TCW 2000 SDD ()",430,"B Medical Systems Sarl (Dometic)","TCW 2000 SDD",,,2017
2130,"3 - RCW 50 EG/CF ()",430,"Electrolux","RCW 50 EG/CF",,,2005
2132,"3 - VLS 350A Greenline ()",430,"Vestfrost Solutions","VLS 350A Greenline",,,2023
2133,"3 - VLS 064 RF ()",430,"Vestfrost","VLS 064 RF",,,2023
2134,"3 - VLS 064 RF ()",430,"Vestfrost","VLS 064 RF",,,2022
2135,"3 - TCW 40 SDD ()",430,"B Medical Systems Sarl (Dometic)","TCW 40 SDD",,,2022
2137,"5 - TCW 40 SDD ()",430,"B Medical Systems Sarl (Dometic)","TCW 40 SDD",,,2022
2138,"3 - MK 304 ()",430,"Vestfrost","MK 304",,,2008
2139,"3 - MK 304 ()",430,"Vestfrost","MK 304",,,2008
2140,"3 - VLS 350A Greenline ()",430,"Vestfrost Solutions","VLS 350A Greenline",,,2018
2141,"3 - MK 144 ()",430,"Vestfrost","MK 144",,,2010
1705,"3 - VLS 054 SDD Greenline ()",432,"Vestfrost Solutions","VLS 054 SDD Greenline",,,2017
1706,"5 - TCW 2000 SDD ()",433,"B Medical Systems Sarl (Dometic)","TCW 2000 SDD",,,2017
1707,"3 - RCW 50 EG/CF ()",434,"Electrolux","RCW 50 EG/CF",,,2005
1709,"3 - VLS 350A Greenline ()",436,"Vestfrost Solutions","VLS 350A Greenline",,,2018
1710,"5 - TCW 40 SDD ()",437,"B Medical Systems Sarl (Dometic)","TCW 40 SDD",,,2022
1711,"5 - TCW 40 SDD ()",438,"B Medical Systems Sarl (Dometic)","TCW 40 SDD",,,2022
1712,"5 - TCW 40 SDD ()",439,"B Medical Systems Sarl (Dometic)","TCW 40 SDD",,,2022
2169,"3 - TCW 2000 SDD ()",441,"B Medical Systems Sarl (Dometic)","TCW 2000 SDD",,,2017
2170,"3 - TCW 40 SDD ()",441,"B Medical Systems Sarl (Dometic)","TCW 40 SDD",,,2021
216,"3 - VLS 400A Greenline ()",444,"Vestfrost Solutions","VLS 400A Greenline",,,2023
217,"3 - VLS 400A Greenline ()",444,"Vestfrost Solutions","VLS 400A Greenline",,,2023
219,"3 - VLS 400A Greenline ()",444,"Vestfrost Solutions","VLS 400A Greenline",,,2020
220,"3 - VLS 400A Greenline ()",444,"Vestfrost Solutions","VLS 400A Greenline",,,2020
221,"3 - VLS 400A Greenline ()",444,"Vestfrost Solutions","VLS 400A Greenline",,,2020
222,"3 - VLS 400A Greenline ()",444,"Vestfrost Solutions","VLS 400A Greenline",,,2020
224,"3 - VLS 400A Greenline ()",444,"Vestfrost Solutions","VLS 400A Greenline",,,2020
225,"3 - VLS 350 Greenline ()",444,"Vestfrost","VLS 350 Greenline",,,2018
226,"3 - VLS 350 Greenline ()",444,"Vestfrost","VLS 350 Greenline",,,2018
227,"4 - MF314 ()",444,"Vestfrost","MF314",,,2020
229,"3 - VLS 400 Greenline ()",444,"Vestfrost","VLS 400 Greenline",,,2020
230,"3 - VLS 350 Greenline ()",444,"Vestfrost","VLS 350 Greenline",,,2018
231,"4 - MF 314 ()",444,"Vestfrost","MF 314",,,2020
232,"4 - MK 144 ()",444,"Vestfrost","MK 144",,,2016
233,"3 - MK074 ()",445,"Vestfrost","MK074",,,2010
245,"5 - TCW 40 SDD ()",445,"B Medical Systems Sarl (Dometic)","TCW 40 SDD",,,2021
937,"3 - MK074 ()",445,"Vestfrost","MK074",,,2010
938,"5 - TCW 40 SDD ()",445,"B Medical Systems Sarl (Dometic)","TCW 40 SDD",,,2021
941,"5 - TCW 40 SDD ()",446,"B Medical Systems Sarl (Dometic)","TCW 40 SDD",,,2021
251,"3 - MK304 ()",447,"Vestfrost","MK304",,,2010
995,"3 - MK304 ()",447,"Vestfrost","MK304",,,2010
253,"3 - NRC 30-10 ()",449,"Norcoast","NRC 30-10",,,2004
266,"3 - TCW 40 SDD ()",449,"B Medical Systems Sarl (Dometic)","TCW 40 SDD",,,2021
255,"3 - RCW 42 EG/CF ()",450,"Electrolux","RCW 42 EG/CF",,,2005
256,"3 - MK074 ()",450,"Vestfrost","MK074",,,2010
259,"3 - RCW 42 EG/CF ()",450,"Electrolux","RCW 42 EG/CF",,,2005
261,"3 - VLS 054 SDD Greenline ()",451,"Vestfrost Solutions","VLS 054 SDD Greenline",,,2019
993,"3 - MK074 ()",452,"Vestfrost","MK074",,,2008
990,"3 - RCW 50 EG/CF ()",454,"Electrolux","RCW 50 EG/CF",,,2005
262,"3 - VLS 400A Greenline (20201054635)",455,"Vestfrost Solutions","VLS 400A Greenline","20201054635",,2021
2876,"3 - VLS 054 ()",1361,"Vestfrost Solutions","VLS 054",,,2017
1702,"5 - TCW 2000 SDD ()",428,"B Medical Systems Sarl (Dometic)","TCW 2000 SDD",,,2017
1677,"3 - MK074 ()",430,"Vestfrost","MK074",,,2019
980,"3 - TCW 2043 SDD (5463504)",463,"B Medical Systems Sarl (Dometic)","TCW 2043 SDD","5463504",,2017
964,"3 - VLS 056 RF SDD (20194635018)",465,"Vestfrost Solutions","VLS 056 RF SDD","20194635018",,2021
965,"5 - TCW 40 SDD ()",465,"B Medical Systems Sarl (Dometic)","TCW 40 SDD",,,2021
960,"3 - VLS 054 SDD Greenline ()",466,"Vestfrost Solutions","VLS 054 SDD Greenline",,,2018
934,"3 - VLS 400A Greenline (20200952946)",467,"Vestfrost Solutions","VLS 400A Greenline","20200952946",,2021
958,"3 - VLS 054 SDD Greenline ()",468,"Vestfrost Solutions","VLS 054 SDD Greenline",,,2018
955,"3 - VLS 054 SDD Greenline ()",469,"Vestfrost Solutions","VLS 054 SDD Greenline",,,2018
954,"3 - MK 144 ()",470,"Vestfrost","MK 144",,,2017
952,"3 - MK074 ()",471,"Vestfrost","MK074",,,2010
949,"3 - VLS 054 SDD Greenline ()",472,"Vestfrost Solutions","VLS 054 SDD Greenline",,,2018
947,"3 - MK 144 ()",473,"Vestfrost","MK 144",,,2017
946,"5 - VLS 056 RF SDD (20194635023)",474,"Vestfrost Solutions","VLS 056 RF SDD","20194635023",,2021
586,"3 - VLS 404A AC (20194736897)",477,"Vestfrost Solutions","VLS 404A AC","20194736897",,2020
588,"3 - VLS 404A AC (20194736944)",477,"Vestfrost Solutions","VLS 404A AC","20194736944",,2020
589,"3 - VLS 404A AC (20194736899)",477,"Vestfrost Solutions","VLS 404A AC","20194736899",,2020
590,"4 - MF 314 (20193724060)",477,"Vestfrost","MF 314","20193724060",,2020
591,"4 - MF314 (20194432292)",477,"Vestfrost","MF314","20194432292",,2020
600,"3 - VLS 404A AC (20194736888)",477,"Vestfrost Solutions","VLS 404A AC","20194736888",,2020
604,"3 - VLS 404A AC (20200952926)",477,"Vestfrost Solutions","VLS 404A AC","20200952926",,2020
605,"3 - VLS 504A AC (20210818772)",477,"Vestfrost Solutions","VLS 504A AC","20210818772",,2022
611,"4 - MF 314 (20210614903)",477,"Vestfrost","MF 314","20210614903",,2021
1106,"8 - 20L ()",477,"Blow Kings","20L",,,
1107,"9 -  ()",477,"AOV International",,,,
1108,"9 -  ()",477,"AOV International",,,,
1110,"24 - ZGO334 ()",477,"Toyota","ZGO334",,,
1111,"19 - SHARP BP-60C-31 ()",477,,"SHARP BP-60C-31",,,
2585,"13 - ICE -3   SN:7790 ()",477,"Beyond Wireless Technology (Pty) Ltd","ICE -3   SN:7790",,,2024
2586,"16 - ER-1KS ()",477,"Electrogard","ER-1KS",,,2017
2587,"16 - ER-1KS ()",477,"Electrogard","ER-1KS",,,2017
2588,"16 - ER-1KS ()",477,"Electrogard","ER-1KS",,,2017
2590,"15 - Lister Petter (18001731TR3A08)",477,"Lister","Lister Petter","18001731TR3A08",,2021
2591,"15 - GENPOWER 5GF-ME (5GF-ME)",477,"Others","GENPOWER 5GF-ME","5GF-ME",,2024
2592,"16 - SOLLATEK ()",477,"Others","SOLLATEK",,,2021
73,"3 - VLS 064 RF (20210921195)",532,"Vestfrost","VLS 064 RF","20210921195",,2022
118,"3 - MK 144 (20154728717)",532,"Vestfrost","MK 144","20154728717",,2017
121,"3 - MK 304 (94502636)",532,"Vestfrost","MK 304","94502636",,2010
141,"4 - MF 314 ()",532,"Vestfrost","MF 314",,,2008
164,"3 - MK 304 ()",532,"Vestfrost","MK 304",,,2010
174,"4 - MF 314 ()",532,"Vestfrost","MF 314",,,2010
179,"4 - MF 314 ()",532,"Vestfrost","MF 314",,,2020
194,"3 - VLS 400A Greenline (20220828161)",532,"Vestfrost Solutions","VLS 400A Greenline","20220828161",,2023
477,"3 - VLS 404A AC (20220828164)",532,"Vestfrost Solutions","VLS 404A AC","20220828164",,2020
2324,"3 - VLS 504A AC (20210818782)",532,"Vestfrost Solutions","VLS 504A AC","20210818782",,2023
2325,"8 - CB-20-5U ()",532,"Blow Kings","CB-20-5U",,,
2326,"8 - AICB-444L ()",532,,"AICB-444L",,,
2328,"8 - RCB444LA ()",532,"Nilkamal","RCB444LA",,,
2329,"8 - RCB444LA ()",532,"Nilkamal","RCB444LA",,,
2330,"8 - CB/5/2A ()",532,"Blow Kings","CB/5/2A",,,
2332,"9 -  ()",532,"AOV International",,,,
2333,"9 -  ()",532,"AOV International",,,,
2334,"9 -  ()",532,"AOV International",,,,
2336,"9 -  ()",532,"AOV International",,,,
2337,"9 -  ()",532,"AOV International",,,,
2339,"9 -  ()",532,"AOV International",,,,
2340,"9 -  ()",532,"AOV International",,,,
2341,"9 -  ()",532,"AOV International",,,,
2343,"9 -  ()",532,"AOV International",,,,
501,"3 - VLS 064 RF (20210921230)",683,"Vestfrost","VLS 064 RF","20210921230",,2021
534,"3 - VLS 054 SDD Greenline (20154728267)",461,"Vestfrost Solutions","VLS 054 SDD Greenline","20154728267",,2017
545,"3 - TCW 2043 SDD ()",462,"B Medical Systems Sarl (Dometic)","TCW 2043 SDD",,,2017
1122,"3 - RCW 50 EG/CF ()",307,"Electrolux","RCW 50 EG/CF",,,2005
2347,"9 -  ()",532,"Blow Kings",,,,
2349,"9 -  ()",532,"Blow Kings",,,,
2350,"9 -  ()",532,"Blow Kings",,,,
2352,"9 -  ()",532,"Blow Kings",,,,
2353,"9 -  ()",532,"Blow Kings",,,,
2354,"9 -  ()",532,"Blow Kings",,,,
2356,"9 -  ()",532,"Blow Kings",,,,
2357,"9 -  ()",532,"Blow Kings",,,,
2359,"9 -  ()",532,"Blow Kings",,,,
2360,"9 -  ()",532,"Blow Kings",,,,
2361,"9 -  ()",532,"Blow Kings",,,,
2363,"9 -  ()",532,"Blow Kings",,,,
2364,"9 -  ()",532,"Blow Kings",,,,
2019,"5 - VLS 056 RF SDD (20191430640)",535,"Vestfrost Solutions","VLS 056 RF SDD","20191430640",,2020
463,"5 - TCW 40 SDD (201941306339)",536,"B Medical Systems Sarl (Dometic)","TCW 40 SDD","201941306339",,2019
61,"3 - VLS 064 RF ()",537,"Vestfrost","VLS 064 RF",,,2022
62,"3 - VLS 064 RF ()",537,"Vestfrost","VLS 064 RF",,,2010
64,"3 - MK074 (160105)",538,"Vestfrost","MK074","160105",,2010
2011,"3 - VLS 064 RF ()",539,"Vestfrost","VLS 064 RF",,,2023
2013,"3 - MK 304 ()",539,"Vestfrost","MK 304",,,2010
145,"5 - TCW 40 SDD (5274421)",541,"B Medical Systems Sarl (Dometic)","TCW 40 SDD","5274421",,2020
81,"3 - TCW 40 SDD (5283982)",542,"B Medical Systems Sarl (Dometic)","TCW 40 SDD","5283982",,2018
2022,"5 - VLS 056 RF SDD (20194130639)",543,"Vestfrost Solutions","VLS 056 RF SDD","20194130639",,2020
472,"5 - VLS 056 RF SDD (20194130636)",544,"Vestfrost Solutions","VLS 056 RF SDD","20194130636",,2020
467,"5 - VLS 056 RF SDD (20194130637)",546,"Vestfrost Solutions","VLS 056 RF SDD","20194130637",,2020
898,"3 - MK 304 ()",547,"Vestfrost","MK 304",,,2008
899,"3 - MK 304 ()",547,"Vestfrost","MK 304",,,2008
900,"3 - MK 304 ()",547,"Vestfrost","MK 304",,,2008
902,"3 - MK 144 (20154728707)",547,"Vestfrost","MK 144","20154728707",,2017
903,"3 - VLS 400A GreenLine (20194736901)",547,"Vestfrost Solutions","VLS 400A GreenLine","20194736901",,2021
904,"3 - VLS 400A GreenLine (20194736901)",547,"Vestfrost Solutions","VLS 400A GreenLine","20194736901",,2021
905,"3 - VLS 400A GreenLine (20194736953)",547,"Vestfrost Solutions","VLS 400A GreenLine","20194736953",,2021
907,"3 - VLS 400A GreenLine (20200952957)",547,"Vestfrost Solutions","VLS 400A GreenLine","20200952957",,2021
908,"3 - VLS 400A GreenLine (20200952929)",547,"Vestfrost Solutions","VLS 400A GreenLine","20200952929",,2021
909,"4 - MF 314 (20194432288)",547,"Vestfrost","MF 314","20194432288",,2021
910,"4 - MF 314 (20190461139)",547,"Vestfrost","MF 314","20190461139",,2021
911,"4 - MF 314 ()",547,"Vestfrost","MF 314",,,2022
1483,"17 - HP ProBook 450 G9 ()",547,,"HP ProBook 450 G9",,,
1484,"17 - HP ProBook 450 G9 ()",547,,"HP ProBook 450 G9",,,
1485,"17 - HP ProBook 450 G9 ()",547,,"HP ProBook 450 G9",,,
1488,"18 - HP ProBook 450 G9 ()",547,,"HP ProBook 450 G9",,,
1489,"18 - HP ProBook 450 G9 ()",547,,"HP ProBook 450 G9",,,
1490,"18 - HP ProBook 450 G9 ()",547,,"HP ProBook 450 G9",,,
1491,"19 - Sharp COP BP-60C31 ()",547,,"Sharp COP BP-60C31",,,
912,"4 - MF 314 ()",548,"Vestfrost","MF 314",,,2008
915,"3 - VC-65 F ()",549,"Dulas","VC-65 F",,,2008
913,"3 - MK074 ()",550,"Vestfrost","MK074",,,2008
922,"5 - VLS 056 RF SDD (20194534646)",553,"Vestfrost Solutions","VLS 056 RF SDD","20194534646",,2021
923,"5 - VLS 056 RF SDD (20194534646)",553,"Vestfrost Solutions","VLS 056 RF SDD","20194534646",,2021
918,"5 - TCW 40 SDD (1032626)",555,"B Medical Systems Sarl (Dometic)","TCW 40 SDD","1032626",,2021
924,"5 - VLS 056 RF SDD (20194634978)",556,"Vestfrost Solutions","VLS 056 RF SDD","20194634978",,2021
948,"5 - TCW 40 SDD (1032610)",556,"B Medical Systems Sarl (Dometic)","TCW 40 SDD","1032610",,2021
950,"3 - TCW 2043 SDD (5463625)",557,"B Medical Systems Sarl (Dometic)","TCW 2043 SDD","5463625",,2017
953,"3 - VLS 054 SDD Greenline ()",558,"Vestfrost Solutions","VLS 054 SDD Greenline",,,2017
956,"3 - VLS 054 SDD Greenline ()",560,"Vestfrost Solutions","VLS 054 SDD Greenline",,,2017
925,"3 - VLS 056 RF SDD (20194534643)",561,"Vestfrost Solutions","VLS 056 RF SDD","20194534643",,2021
959,"3 - MK144 (20154728714)",562,"Vestfrost","MK144","20154728714",,2017
921,"5 - VLS 056 RF SDD (20194130665)",563,"Vestfrost Solutions","VLS 056 RF SDD","20194130665",,2021
966,"5 - TCW 2043 SDD (5463613)",565,"B Medical Systems Sarl (Dometic)","TCW 2043 SDD","5463613",,2017
2345,"9 -  ()",532,"Blow Kings",,,,
2346,"9 -  ()",532,"Blow Kings",,,,
970,"5 - TCW 40 SDD (1032628)",571,"B Medical Systems Sarl (Dometic)","TCW 40 SDD","1032628",,2021
971,"3 - RCW 50 EG/CF ()",572,"Electrolux","RCW 50 EG/CF",,,2005
973,"5 - TCW 40 SDD (1032690)",573,"B Medical Systems Sarl (Dometic)","TCW 40 SDD","1032690",,2021
975,"5 - TCW 40 SDD (1032619)",575,"B Medical Systems Sarl (Dometic)","TCW 40 SDD","1032619",,2022
976,"5 - TCW 40 SDD (1032573)",576,"B Medical Systems Sarl (Dometic)","TCW 40 SDD","1032573",,2021
977,"3 - RCW 50 EG/CF ()",577,"Electrolux","RCW 50 EG/CF",,,2005
926,"5 - VLS 056 RF SDD (20194634989)",579,"Vestfrost Solutions","VLS 056 RF SDD","20194634989",,2021
930,"5 - VLS 056 RF SDD (20194130642)",581,"Vestfrost Solutions","VLS 056 RF SDD","20194130642",,2021
929,"5 - VLS 056 RF SDD (20194534644)",582,"Vestfrost Solutions","VLS 056 RF SDD","20194534644",,2021
983,"3 - VLS 054 SDD Greenline ()",584,"Vestfrost Solutions","VLS 054 SDD Greenline",,,2017
931,"5 - VLS 056 RF SDD (20194534647)",585,"Vestfrost Solutions","VLS 056 RF SDD","20194534647",,2021
984,"3 - RCW 50 EG/CF ()",585,"Electrolux","RCW 50 EG/CF",,,2005
933,"5 - VLS 056 RF SDD (20194634984)",586,"Vestfrost Solutions","VLS 056 RF SDD","20194634984",,2021
985,"3 - VLS 054 SDD Greenline ()",587,"Vestfrost Solutions","VLS 054 SDD Greenline",,,2017
919,"3 - MK 304 ()",588,"Vestfrost","MK 304",,,2008
994,"3 - MK 304 ()",588,"Vestfrost","MK 304",,,2008
996,"4 - MF 314 ()",589,"Vestfrost","MF 314",,,2008
989,"3 - VLS 054 SDD Greenline ()",591,"Vestfrost Solutions","VLS 054 SDD Greenline",,,2017
991,"3 - VLS 054 SDD Greenline ()",593,"Vestfrost Solutions","VLS 054 SDD Greenline",,,2017
992,"5 - VLS 056 RF SDD ()",594,"Vestfrost Solutions","VLS 056 RF SDD",,,2021
936,"5 - VLS 056 RF SDD (20194634981)",596,"Vestfrost Solutions","VLS 056 RF SDD","20194634981",,2021
2503,"1 - WICR 10m3 (WICR10)",600,"Zhendre","WICR 10m3","WICR10","R404a",2016
2504,"3 - VLS 404 A GREENLINE (20220828188)",600,"Vestfrost Solutions","VLS 404 A GREENLINE","20220828188",,2023
2505,"3 - VLS 404 A GREENLINE (20194736896)",600,"Vestfrost Solutions","VLS 404 A GREENLINE","20194736896",,2023
2506,"3 - VLS 404 A GREENLINE (20220828177)",600,"Vestfrost Solutions","VLS 404 A GREENLINE","20220828177",,2023
2508,"3 - VLS 404 A GREENLINE (20194736949)",600,"Vestfrost Solutions","VLS 404 A GREENLINE","20194736949",,2021
2509,"3 - VLS 404 A GREENLINE (20194736895)",600,"Vestfrost Solutions","VLS 404 A GREENLINE","20194736895",,2021
2510,"4 - MF314 (20193724064)",600,"Vestfrost","MF314","20193724064",,2021
2511,"4 - MF314 (20212038071)",600,"Vestfrost","MF314","20212038071",,2021
2517,"13 - BC-441 - SN- 8289 ()",600,"Beyond Wireless Technology (Pty) Ltd","BC-441 - SN- 8289",,,2023
2518,"7 - BDW - 423 (BDW-423)",600,"Intergrity","BDW - 423","BDW-423",,2021
2525,"8 - ARKTEK - YBC-5 (210288)",600,"AUCMA","ARKTEK - YBC-5","210288",,
2526,"8 - ARKTEK - YBC-5 (200400)",600,"AUCMA","ARKTEK - YBC-5","200400",,
2527,"8 - ARKTEK - YBC-5 (200411)",600,"AUCMA","ARKTEK - YBC-5","200411",,
2528,"8 - ARKTEK - YBC-5 (210288)",600,"AUCMA","ARKTEK - YBC-5","210288",,
2530,"8 - ARKTEK - YBC-5 (210288)",600,"AUCMA","ARKTEK - YBC-5","210288",,
2531,"8 - ARKTEK - YBC-5 (210288)",600,"AUCMA","ARKTEK - YBC-5","210288",,
2532,"8 - ARKTEK - YBC-5 (210288)",600,"AUCMA","ARKTEK - YBC-5","210288",,
2534,"8 - ARKTEK - YBC-5 (210288)",600,"AUCMA","ARKTEK - YBC-5","210288",,
2535,"8 - ARKTEK - YBC-5 (210288)",600,"AUCMA","ARKTEK - YBC-5","210288",,
2536,"8 - ARKTEK - YBC-5 (210288)",600,"AUCMA","ARKTEK - YBC-5","210288",,
2538,"8 - ARKTEK - YBC-5 (210288)",600,"AUCMA","ARKTEK - YBC-5","210288",,
2539,"8 - ARKTEK - YBC-5 (210288)",600,"AUCMA","ARKTEK - YBC-5","210288",,
2540,"8 - ARKTEK - YBC-5 (210288)",600,"AUCMA","ARKTEK - YBC-5","210288",,
2541,"8 - ARKTEK - YBC-5 (210288)",600,"AUCMA","ARKTEK - YBC-5","210288",,
2575,"16 - BB111 ()",600,"Bluebird","BB111",,,2023
2576,"16 - BB111 ()",600,"Bluebird","BB111",,,2023
2577,"16 - BB111 ()",600,"Bluebird","BB111",,,2023
2578,"16 - ER1KS ()",600,"Electrogard","ER1KS",,,2023
127,"3 - (Dometic) (N/A)",601,"B Medical Systems Sarl (Dometic)","(Dometic)","N/A",,
105,"3 - MK304 (NA)",673,"Vestfrost","MK304","NA","1",2015
185,"3 - MK 304 (20154421051)",673,"Vestfrost","MK 304","20154421051",,2008
186,"3 - MK 304 (20154421051)",673,"Vestfrost","MK 304","20154421051",,2008
187,"3 - MK 304 (20154421051)",673,"Vestfrost","MK 304","20154421051",,2008
574,"4 - MF 314 (20193724063)",673,"Vestfrost","MF 314","20193724063",,2020
691,"8 - Large vaccine cold box ()",673,"Nilkamal","Large vaccine cold box",,,
967,"3 - MK074 ()",567,"Vestfrost","MK074",,,2008
969,"5 - TCW 40 SDD ()",570,"B Medical Systems Sarl (Dometic)","TCW 40 SDD",,,2022
696,"8 - Large vaccine cold box ()",673,"Nilkamal","Large vaccine cold box",,,
697,"8 - Large vaccine cold box ()",673,"Nilkamal","Large vaccine cold box",,,
698,"8 - Large vaccine cold box ()",673,"Nilkamal","Large vaccine cold box",,,
700,"8 - Large vaccine cold box ()",673,"Nilkamal","Large vaccine cold box",,,
701,"8 - Large vaccine cold box ()",673,"Nilkamal","Large vaccine cold box",,,
702,"8 - Large vaccine cold box ()",673,"Nilkamal","Large vaccine cold box",,,
703,"17 - Dell ()",673,,"Dell",,,
705,"18 - HP ()",673,,"HP",,,
706,"18 - HP ()",673,,"HP",,,
707,"18 - HP ()",673,,"HP",,,
709,"9 -  ()",673,"AOV International",,,,
710,"9 -  ()",673,"AOV International",,,,
712,"9 -  ()",673,"AOV International",,,,
713,"9 -  ()",673,"AOV International",,,,
714,"9 -  ()",673,"AOV International",,,,
716,"9 -  ()",673,"AOV International",,,,
717,"9 -  ()",673,"AOV International",,,,
718,"9 -  ()",673,"AOV International",,,,
720,"9 -  ()",673,"AOV International",,,,
721,"9 -  ()",673,"AOV International",,,,
722,"9 -  ()",673,"AOV International",,,,
724,"9 -  ()",673,"AOV International",,,,
725,"9 -  ()",673,"AOV International",,,,
726,"9 -  ()",673,"AOV International",,,,
728,"9 -  ()",673,"AOV International",,,,
729,"9 -  ()",673,"AOV International",,,,
730,"9 -  ()",673,"AOV International",,,,
732,"9 -  ()",673,"AOV International",,,,
733,"9 -  ()",673,"AOV International",,,,
735,"9 -  ()",673,"AOV International",,,,
736,"9 -  ()",673,"AOV International",,,,
737,"9 -  ()",673,"AOV International",,,,
739,"9 -  ()",673,"AOV International",,,,
740,"9 -  ()",673,"AOV International",,,,
741,"9 -  ()",673,"AOV International",,,,
743,"9 -  ()",673,"AOV International",,,,
744,"9 -  ()",673,"AOV International",,,,
745,"9 -  ()",673,"AOV International",,,,
747,"9 -  ()",673,"AOV International",,,,
748,"9 -  ()",673,"AOV International",,,,
749,"9 -  ()",673,"AOV International",,,,
751,"9 -  ()",673,"AOV International",,,,
752,"9 -  ()",673,"AOV International",,,,
753,"9 -  ()",673,"AOV International",,,,
755,"9 -  ()",673,"AOV International",,,,
756,"9 -  ()",673,"AOV International",,,,
757,"9 -  ()",673,"AOV International",,,,
759,"9 -  ()",673,"AOV International",,,,
760,"9 -  ()",673,"AOV International",,,,
762,"9 -  ()",673,"AOV International",,,,
763,"9 -  ()",673,"AOV International",,,,
764,"9 -  ()",673,"AOV International",,,,
766,"9 -  ()",673,"AOV International",,,,
767,"9 -  ()",673,"AOV International",,,,
768,"9 -  ()",673,"AOV International",,,,
770,"9 -  ()",673,"AOV International",,,,
771,"9 -  ()",673,"AOV International",,,,
772,"9 -  ()",673,"AOV International",,,,
774,"9 -  ()",673,"AOV International",,,,
775,"9 -  ()",673,"AOV International",,,,
776,"9 -  ()",673,"AOV International",,,,
778,"9 -  ()",673,"AOV International",,,,
779,"9 -  ()",673,"AOV International",,,,
780,"9 -  ()",673,"AOV International",,,,
782,"9 -  ()",673,"AOV International",,,,
783,"9 -  ()",673,"AOV International",,,,
784,"9 -  ()",673,"AOV International",,,,
786,"9 -  ()",673,"AOV International",,,,
693,"8 - Large vaccine cold box ()",673,"Nilkamal","Large vaccine cold box",,,
695,"8 - Large vaccine cold box ()",673,"Nilkamal","Large vaccine cold box",,,
791,"9 -  ()",673,"AOV International",,,,
793,"9 -  ()",673,"AOV International",,,,
794,"9 -  ()",673,"AOV International",,,,
795,"9 -  ()",673,"AOV International",,,,
797,"9 -  ()",673,"AOV International",,,,
798,"9 -  ()",673,"AOV International",,,,
799,"9 -  ()",673,"AOV International",,,,
801,"9 -  ()",673,"AOV International",,,,
802,"9 -  ()",673,"AOV International",,,,
803,"9 -  ()",673,"AOV International",,,,
805,"9 -  ()",673,"AOV International",,,,
807,"9 -  ()",673,"AOV International",,,,
809,"9 -  ()",673,"AOV International",,,,
810,"9 -  ()",673,"AOV International",,,,
811,"9 -  ()",673,"AOV International",,,,
813,"9 -  ()",673,"AOV International",,,,
814,"9 -  ()",673,"AOV International",,,,
815,"9 -  ()",673,"AOV International",,,,
817,"9 -  ()",673,"AOV International",,,,
818,"9 -  ()",673,"AOV International",,,,
820,"9 -  ()",673,"AOV International",,,,
821,"9 -  ()",673,"AOV International",,,,
822,"9 -  ()",673,"AOV International",,,,
824,"19 - HP ()",673,,"HP",,,
825,"22 - Hilux ()",673,"Toyota","Hilux",,,
834,"11 -  ()",673,,,,,
835,"11 -  ()",673,,,,,
836,"11 -  ()",673,,,,,
837,"11 -  ()",673,,,,,
838,"11 -  ()",673,,,,,
840,"11 -  ()",673,,,,,
841,"11 -  ()",673,,,,,
842,"11 -  ()",673,,,,,
844,"11 -  ()",673,,,,,
845,"11 -  ()",673,,,,,
847,"11 -  ()",673,,,,,
848,"11 -  ()",673,,,,,
850,"11 -  ()",673,,,,,
851,"11 -  ()",673,,,,,
852,"11 -  ()",673,,,,,
854,"11 -  ()",673,,,,,
855,"11 -  ()",673,,,,,
857,"11 -  ()",673,,,,,
858,"11 -  ()",673,,,,,
860,"11 -  ()",673,,,,,
861,"11 -  ()",673,,,,,
863,"11 -  ()",673,,,,,
864,"11 -  ()",673,,,,,
865,"11 -  ()",673,,,,,
867,"11 -  ()",673,,,,,
868,"11 -  ()",673,,,,,
870,"11 -  ()",673,,,,,
871,"11 -  ()",673,,,,,
873,"11 -  ()",673,,,,,
874,"11 -  ()",673,,,,,
875,"11 -  ()",673,,,,,
877,"11 -  ()",673,,,,,
878,"11 -  ()",673,,,,,
880,"11 -  ()",673,,,,,
881,"11 -  ()",673,,,,,
883,"11 -  ()",673,,,,,
884,"11 -  ()",673,,,,,
886,"11 -  ()",673,,,,,
887,"11 -  ()",673,,,,,
888,"11 -  ()",673,,,,,
470,"3 - VLS 064 RF (20210921245)",675,"Vestfrost","VLS 064 RF","20210921245",,2021
2524,"5 - GVR 50 DC ()",675,"Godrej & Boyce MFG. Co. Ltd.","GVR 50 DC",,,2024
2753,"9 -  ()",675,"Ina ColdMed",,,,
488,"3 - MK304 (20082144472)",677,"Vestfrost","MK304","20082144472",,2021
489,"3 - MK304 (20082144472)",677,"Vestfrost","MK304","20082144472",,2021
491,"4 - MF 314 (20075047438)",677,"Vestfrost","MF 314","20075047438",,2008
493,"3 - VLS 064 RF (20210921216)",678,"Vestfrost","VLS 064 RF","20210921216",,2021
788,"9 -  ()",673,"AOV International",,,,
790,"9 -  ()",673,"AOV International",,,,
806,"9 -  ()",673,"AOV International",,,,
498,"3 - VLS 064 RF (20210921223)",682,"Vestfrost","VLS 064 RF","20210921223",,2021
505,"3 - VLS 064 RF (20210921237)",685,"Vestfrost","VLS 064 RF","20210921237",,2021
506,"3 - VLS 064 RF (20210921237)",685,"Vestfrost","VLS 064 RF","20210921237",,2021
507,"3 - VLS 064 RF (20210921237)",685,"Vestfrost","VLS 064 RF","20210921237",,2021
508,"3 - VLS 064 RF (20210921237)",685,"Vestfrost","VLS 064 RF","20210921237",,2021
510,"3 - VLS 064 RF (20210921253)",686,"Vestfrost","VLS 064 RF","20210921253",,2021
2027,"5 - VLS 064 RF ()",687,"Vestfrost","VLS 064 RF",,,2021
2028,"3 - MK074 ()",687,"Vestfrost","MK074",,,2000
2029,"5 - VLS 064 RF ()",688,"Vestfrost","VLS 064 RF",,,2021
519,"3 - VLS 064 RF (20210921247)",689,"Vestfrost","VLS 064 RF","20210921247",,2021
525,"3 - VLS 064 RF (20210921246)",690,"Vestfrost","VLS 064 RF","20210921246",,2021
531,"3 - VLS 064 RF (20210921248)",691,"Vestfrost","VLS 064 RF","20210921248",,2021
538,"3 - VLS 064 RF (20210921251)",692,"Vestfrost","VLS 064 RF","20210921251",,2021
546,"3 - VLS 064 RF (20210921254)",693,"Vestfrost","VLS 064 RF","20210921254",,2021
547,"3 - VLS 064 RF (20210921226)",695,"Vestfrost","VLS 064 RF","20210921226",,2021
565,"3 - VLS 064 RF (20210921)",698,"Vestfrost","VLS 064 RF","20210921",,2021
566,"3 - VLS 064 RF (20210921225)",699,"Vestfrost","VLS 064 RF","20210921225",,2021
2031,"5 - VLS 064 RF ()",702,"Vestfrost","VLS 064 RF",,,2021
577,"3 - VLS 400 Greenline (20194736940)",703,"Vestfrost","VLS 400 Greenline","20194736940",,2021
578,"3 - VLS 400 Greenline (20200952961)",703,"Vestfrost","VLS 400 Greenline","20200952961",,2021
579,"3 - VLS 400 Greenline (20194736906)",703,"Vestfrost","VLS 400 Greenline","20194736906",,2021
580,"3 - VLS 400 Greenline (20194736907)",703,"Vestfrost","VLS 400 Greenline","20194736907",,2021
582,"3 - VLS 400 Greenline (20194736907)",703,"Vestfrost","VLS 400 Greenline","20194736907",,2021
596,"3 - VLS 400 Greenline (20190461120)",703,"Vestfrost","VLS 400 Greenline","20190461120",,2021
598,"3 - VLS 400 Greenline (20193724045)",703,"Vestfrost","VLS 400 Greenline","20193724045",,2021
599,"3 - VLS 400 Greenline (20200952961)",703,"Vestfrost","VLS 400 Greenline","20200952961",,2021
602,"3 - VLS 400 Greenline (20194736959)",703,"Vestfrost","VLS 400 Greenline","20194736959",,2023
603,"3 - VLS 400 Greenline (20194736959)",703,"Vestfrost","VLS 400 Greenline","20194736959",,2023
607,"3 - TCW 3000 (5483136)",703,"Electrolux","TCW 3000","5483136",,2023
594,"3 - VLS 400 Greenline (20194736907)",704,"Vestfrost","VLS 400 Greenline","20194736907",,2021
679,"3 - VLS 064 RF (2022087779)",704,"Vestfrost","VLS 064 RF","2022087779",,2023
677,"5 - VLS 056 RF SDD (20214072118)",705,"Vestfrost Solutions","VLS 056 RF SDD","20214072118",,2023
2303,"5 - MK074 ()",705,"Vestfrost","MK074",,,2010
2304,"5 - VLS 064 RF ()",706,"Vestfrost","VLS 064 RF",,,2023
2306,"5 - TCW 40 SDD ()",706,"B Medical Systems Sarl (Dometic)","TCW 40 SDD",,,2018
681,"5 - TCW 40 SDD (NONE)",707,"B Medical Systems Sarl (Dometic)","TCW 40 SDD","NONE",,2018
2307,"5 - VLS 056 RF SDD (20194534029)",708,"Vestfrost Solutions","VLS 056 RF SDD","20194534029",,2021
680,"5 - VLS 056 RF SDD (20194130655)",709,"Vestfrost Solutions","VLS 056 RF SDD","20194130655",,2021
2309,"3 - TCW 2000 SDD ()",709,"B Medical Systems Sarl (Dometic)","TCW 2000 SDD",,,2017
2310,"5 - VLS 056 RF SDD (20194534027)",710,"Vestfrost Solutions","VLS 056 RF SDD","20194534027",,2021
2311,"3 - RCW 42 EG/CF ()",710,"Electrolux","RCW 42 EG/CF",,,2004
2313,"3 - VLS 056 RF SDD (20194130653)",711,"Vestfrost Solutions","VLS 056 RF SDD","20194130653",,2021
2314,"5 - VLS 056 RF SDD ()",712,"Vestfrost Solutions","VLS 056 RF SDD",,,2021
2315,"3 - RCW 50 EG/CF ()",712,"Electrolux","RCW 50 EG/CF",,,2000
2316,"5 - VLS 056 RF SDD ()",713,"Vestfrost Solutions","VLS 056 RF SDD",,,2021
2317,"5 - TCW 40 SDD ()",713,"B Medical Systems Sarl (Dometic)","TCW 40 SDD",,,2021
683,"5 - TCW 2000 SDD (5492258)",714,"B Medical Systems Sarl (Dometic)","TCW 2000 SDD","5492258",,2016
2366,"3 - VLS 056 RF SDD (20194534031)",715,"Vestfrost Solutions","VLS 056 RF SDD","20194534031",,2021
2367,"5 - TCW 40 SDD (1032599)",715,"B Medical Systems Sarl (Dometic)","TCW 40 SDD","1032599",,2021
2368,"5 - VLS 056 RF SDD (20194534029)",716,"Vestfrost Solutions","VLS 056 RF SDD","20194534029",,2021
2370,"5 - TCW 40 SDD (1032602)",717,"B Medical Systems Sarl (Dometic)","TCW 40 SDD","1032602",,2021
2371,"5 - TCW 40 SDD (1032602)",717,"B Medical Systems Sarl (Dometic)","TCW 40 SDD","1032602",,2021
684,"5 - VLS 064 RF (20220827759)",718,"Vestfrost","VLS 064 RF","20220827759",,2023
2372,"5 - MK074 ()",718,"Vestfrost","MK074",,,2000
497,"3 - VLS 064 RF AC (20109221218)",681,"Vestfrost","VLS 064 RF AC","20109221218",,2021
2580,"4 - MF 114 ()",681,"Vestfrost Solutions","MF 114",,,2024
2374,"5 - VLS 056 RF SDD (20194130649)",722,"Vestfrost Solutions","VLS 056 RF SDD","20194130649",,2021
2375,"5 - VLS 056 RF SDD ()",723,"Vestfrost Solutions","VLS 056 RF SDD",,,2021
2376,"3 - RCW 50 EG/CF ()",724,"Electrolux","RCW 50 EG/CF",,,2000
2378,"5 - TCW 40 SDD ()",726,"B Medical Systems Sarl (Dometic)","TCW 40 SDD",,,2021
2379,"5 - TCW 40 SDD ()",727,"B Medical Systems Sarl (Dometic)","TCW 40 SDD",,,2021
2380,"5 - VLS 056 RF SDD ()",728,"Vestfrost Solutions","VLS 056 RF SDD",,,2021
2381,"5 - TCW 40 SDD (8432320)",729,"B Medical Systems Sarl (Dometic)","TCW 40 SDD","8432320",,2021
2383,"3 - VLS 154A SDD Greenline (20204319981)",730,"Vestfrost Solutions","VLS 154A SDD Greenline","20204319981",,2021
1730,"13 - BC141 ICE3 SN:6560 ()",741,"Beyond Wireless Technology (Pty) Ltd","BC141 ICE3 SN:6560",,,2018
2384,"4 - MF 314 ()",730,"Vestfrost","MF 314",,,2012
2385,"5 - MK074 ()",730,"Vestfrost","MK074",,,2010
2386,"5 - TCW 40 SDD ()",731,"B Medical Systems Sarl (Dometic)","TCW 40 SDD",,,2021
2388,"5 - VLS 056 RF SDD (20194130649)",733,"Vestfrost Solutions","VLS 056 RF SDD","20194130649",,2021
2389,"3 - RCW 50 EG/CF ()",734,"Electrolux","RCW 50 EG/CF",,,2000
2390,"5 - VLS 056 RF SDD (20194130650)",735,"Vestfrost Solutions","VLS 056 RF SDD","20194130650",,2021
2391,"5 - VLS 056 RF SDD (20194130648)",736,"Vestfrost Solutions","VLS 056 RF SDD","20194130648",,2021
2393,"5 - VLS 064 RF (20220827728)",738,"Vestfrost","VLS 064 RF","20220827728",,2021
2394,"4 - MF 314 ()",738,"Vestfrost","MF 314",,,2010
2395,"3 - MK 304 ()",740,"Vestfrost","MK 304",,,2010
2396,"5 - VLS 064 RF ()",740,"Vestfrost","VLS 064 RF",,,2021
942,"1 - WICR 10m3 ()",741,"Zhendre","WICR 10m3",,"R404A",2018
1731,"13 - BC441ICE3 EXTRA SN:8287 ()",741,"Beyond Wireless Technology (Pty) Ltd","BC441ICE3 EXTRA SN:8287",,,2022
1732,"4 - Chest Freezer BD(W)-423 ()",741,"Intergrity","Chest Freezer BD(W)-423",,,2018
1733,"4 - Chest Freezer BD(W)-423 ()",741,"Intergrity","Chest Freezer BD(W)-423",,,2018
1734,"4 - MF 314 (20190461146)",741,"Vestfrost","MF 314","20190461146",,2018
1735,"4 - MF 314 (20190461146)",741,"Vestfrost","MF 314","20190461146",,2018
1984,"3 - VLS 400A Greenline ()",741,"Vestfrost Solutions","VLS 400A Greenline",,,2021
1985,"3 - VLS 400A Greenline ()",741,"Vestfrost Solutions","VLS 400A Greenline",,,2021
1986,"3 - VLS 400A Greenline ()",741,"Vestfrost Solutions","VLS 400A Greenline",,,2021
1987,"3 - MK 304 ()",741,"Vestfrost","MK 304",,,2010
1988,"3 - MK 304 ()",741,"Vestfrost","MK 304",,,2010
1946,"5 - VC 65-2 ()",747,"Dulas","VC 65-2",,,2008
1958,"5 - VLS 056 RF SDD ()",760,"Vestfrost Solutions","VLS 056 RF SDD",,,2019
2880,"3 - VLS 056 RF SDD (20240742775)",747,"Vestfrost Solutions","VLS 056 RF SDD","20240742775",,2024
1965,"5 - VLS 056 RF SDD ()",761,"Vestfrost Solutions","VLS 056 RF SDD",,,2020
1955,"5 - TCW 40 SDD ()",764,"B Medical Systems Sarl (Dometic)","TCW 40 SDD",,,2021
1956,"5 - NRC 30-10 ()",764,"Norcoast","NRC 30-10",,,2004
1947,"3 - TCW 2000 SDD ()",765,"B Medical Systems Sarl (Dometic)","TCW 2000 SDD",,,2018
1952,"3 - TCW 40 SDD (1032555)",767,"B Medical Systems Sarl (Dometic)","TCW 40 SDD","1032555",,2021
1959,"5 - TCW 40 SDD ()",771,"B Medical Systems Sarl (Dometic)","TCW 40 SDD",,,2021
2171,"3 - RCW 50 EG/CF ()",774,"Electrolux","RCW 50 EG/CF",,,2005
2172,"5 - TCW 40 SDD ()",774,"B Medical Systems Sarl (Dometic)","TCW 40 SDD",,,2021
2173,"3 - MKF 074 ()",774,"Vestfrost","MKF 074",,,2017
2174,"3 - TCW 40 SDD ()",774,"B Medical Systems Sarl (Dometic)","TCW 40 SDD",,,2018
2176,"5 - TCW 40 SDD ()",774,"B Medical Systems Sarl (Dometic)","TCW 40 SDD",,,2021
2177,"5 - TCW 40 SDD ()",774,"B Medical Systems Sarl (Dometic)","TCW 40 SDD",,,2021
2178,"5 - TCW 40 SDD ()",774,"B Medical Systems Sarl (Dometic)","TCW 40 SDD",,,2021
2257,"3 - MKF 074 ()",775,"Vestfrost","MKF 074",,,2017
2258,"3 - MKF 074 ()",775,"Vestfrost","MKF 074",,,2017
2260,"3 - MKF 074 ()",777,"Vestfrost","MKF 074",,,2017
2261,"5 - TCW 40 SDD ()",778,"B Medical Systems Sarl (Dometic)","TCW 40 SDD",,,2018
2266,"5 - TCW 40 SDD ()",778,"B Medical Systems Sarl (Dometic)","TCW 40 SDD",,,2021
2179,"3 - MKF 074 ()",780,"Vestfrost","MKF 074",,,2015
2180,"3 - TCW 3000 SDD ()",780,"B Medical Systems Sarl (Dometic)","TCW 3000 SDD",,,2018
2181,"3 - VLS 054 SDD Greenline ()",780,"Vestfrost Solutions","VLS 054 SDD Greenline",,,2018
685,"5 - TCW 40R SDD (1032591)",720,"B Medical Systems Sarl (Dometic)","TCW 40R SDD","1032591",,2021
2373,"5 - VLS 056 RF SDD (20191502162)",721,"Vestfrost Solutions","VLS 056 RF SDD","20191502162",,2021
2269,"3 - TCW 3000 SDD ()",782,"B Medical Systems Sarl (Dometic)","TCW 3000 SDD",,,2018
2270,"3 - VLS 054 SDD Greenline ()",783,"Vestfrost Solutions","VLS 054 SDD Greenline",,,2018
2272,"3 - MKF 074 ()",786,"Vestfrost","MKF 074",,,2017
2183,"3 - MKF 074 ()",787,"Vestfrost","MKF 074",,,2017
2184,"3 - TCW 40 SDD ()",787,"B Medical Systems Sarl (Dometic)","TCW 40 SDD",,,2017
2185,"3 - TCW 2043 SDD ()",787,"B Medical Systems Sarl (Dometic)","TCW 2043 SDD",,,2017
2187,"3 - TCW 40 SDD ()",787,"B Medical Systems Sarl (Dometic)","TCW 40 SDD",,,2018
2188,"5 - TCW 40 SDD ()",787,"B Medical Systems Sarl (Dometic)","TCW 40 SDD",,,2018
2189,"5 - TCW 40 SDD ()",787,"B Medical Systems Sarl (Dometic)","TCW 40 SDD",,,2018
2190,"5 - TCW 40 SDD ()",787,"B Medical Systems Sarl (Dometic)","TCW 40 SDD",,,2021
2192,"5 - TCW 40 SDD ()",787,"B Medical Systems Sarl (Dometic)","TCW 40 SDD",,,2018
2273,"3 - TCW 2043 SDD ()",788,"B Medical Systems Sarl (Dometic)","TCW 2043 SDD",,,2017
2274,"3 - TCW 2043 SDD ()",789,"B Medical Systems Sarl (Dometic)","TCW 2043 SDD",,,2017
2275,"3 - TCW 40 SDD ()",790,"B Medical Systems Sarl (Dometic)","TCW 40 SDD",,,2018
2280,"3 - TCW 40 SDD ()",792,"B Medical Systems Sarl (Dometic)","TCW 40 SDD",,,2018
2281,"3 - TCW 40 SDD ()",793,"B Medical Systems Sarl (Dometic)","TCW 40 SDD",,,2018
2282,"5 - TCW 40 SDD ()",793,"B Medical Systems Sarl (Dometic)","TCW 40 SDD",,,2021
2283,"5 - TCW 40 SDD ()",794,"B Medical Systems Sarl (Dometic)","TCW 40 SDD",,,2018
1377,"5 - Ice lined (20220828171)",796,"Vestfrost","Ice lined","20220828171",,2023
1378,"5 - Ice lined (20220828171)",796,"Vestfrost","Ice lined","20220828171",,2023
1379,"5 - Ice lined (20220828171)",796,"Vestfrost","Ice lined","20220828171",,2023
1380,"5 - Ice lined (20220828171)",796,"Vestfrost","Ice lined","20220828171",,2023
1382,"5 - Ice lined (20220828171)",796,"Vestfrost","Ice lined","20220828171",,2023
2193,"5 - TCW 3000 SDD ()",796,"B Medical Systems Sarl (Dometic)","TCW 3000 SDD",,,2017
2194,"3 - VLS 054 SDD Greenline ()",796,"Vestfrost Solutions","VLS 054 SDD Greenline",,,2018
2195,"3 - MK074 ()",796,"Vestfrost","MK074",,,2018
2197,"3 - VLS 350A Greenline ()",796,"Vestfrost Solutions","VLS 350A Greenline",,,2018
2198,"3 - VLS 054 SDD Greenline ()",796,"Vestfrost Solutions","VLS 054 SDD Greenline",,,2018
2210,"3 - VLS 350A Greenline ()",796,"Vestfrost Solutions","VLS 350A Greenline",,,2018
2211,"3 - VLS 350A Greenline ()",796,"Vestfrost Solutions","VLS 350A Greenline",,,2018
2213,"3 - MK 304 ()",796,"Vestfrost","MK 304",,,2018
2214,"4 - MF 314 ()",796,"Vestfrost","MF 314",,,2018
2215,"3 - VLS 400A Greenline ()",796,"Vestfrost Solutions","VLS 400A Greenline",,,2021
2216,"3 - VLS 400A Greenline ()",796,"Vestfrost Solutions","VLS 400A Greenline",,,2021
2218,"3 - VLS 400A Greenline ()",796,"Vestfrost Solutions","VLS 400A Greenline",,,2021
2219,"3 - VLS 400A Greenline ()",796,"Vestfrost Solutions","VLS 400A Greenline",,,2021
2220,"4 - MF 314 ()",796,"Vestfrost","MF 314",,,2021
2221,"4 - MF 314 ()",796,"Vestfrost","MF 314",,,2021
2223,"3 - VLS 400A Greenline ()",796,"Vestfrost Solutions","VLS 400A Greenline",,,2021
2265,"5 - TCW 40 SDD ()",796,"B Medical Systems Sarl (Dometic)","TCW 40 SDD",,,2021
2285,"3 - MK 304 ()",797,"Vestfrost","MK 304",,,2008
2397,"3 - VLS 350A Greenline ()",797,"Vestfrost Solutions","VLS 350A Greenline",,,2018
2400,"3 - VLS 350A Greenline ()",797,"Vestfrost Solutions","VLS 350A Greenline",,,2018
2401,"3 - VLS 350A Greenline ()",797,"Vestfrost Solutions","VLS 350A Greenline",,,2018
2402,"3 - MK 304 ()",797,"Vestfrost","MK 304",,,2016
2403,"4 - MF314 ()",797,"Vestfrost","MF314",,,2008
2405,"3 - VLS 400A Greenline ()",797,"Vestfrost Solutions","VLS 400A Greenline",,,2021
2406,"3 - VLS 400A Greenline ()",797,"Vestfrost Solutions","VLS 400A Greenline",,,2021
2407,"3 - VLS 400A Greenline ()",797,"Vestfrost Solutions","VLS 400A Greenline",,,2021
2408,"3 - VLS 400A Greenline ()",797,"Vestfrost Solutions","VLS 400A Greenline",,,2021
2410,"4 - MF 314 ()",797,"Vestfrost","MF 314",,,2021
2411,"4 - MF314 ()",797,"Vestfrost","MF314",,,2021
2412,"3 - VLS 400A Greenline ()",797,"Vestfrost Solutions","VLS 400A Greenline",,,2021
2413,"3 - VLS 400A Greenline ()",797,"Vestfrost Solutions","VLS 400A Greenline",,,2019
2287,"3 - VLS 054 SDD Greenline ()",800,"Vestfrost Solutions","VLS 054 SDD Greenline",,,2018
2263,"5 - TCW 40 SDD ()",780,"B Medical Systems Sarl (Dometic)","TCW 40 SDD",,,2021
2268,"3 - MKF 074 ()",781,"Vestfrost","MKF 074",,,2015
2240,"5 - TCW 40 SDD ()",805,"B Medical Systems Sarl (Dometic)","TCW 40 SDD",,,2021
2241,"3 - VLS 350A Greenline ()",805,"Vestfrost Solutions","VLS 350A Greenline",,,2018
2242,"5 - TCW 40 SDD ()",805,"B Medical Systems Sarl (Dometic)","TCW 40 SDD",,,2018
2244,"3 - VLS 054 SDD Greenline ()",805,"Vestfrost Solutions","VLS 054 SDD Greenline",,,2018
2245,"5 - TCW 40 SDD ()",805,"B Medical Systems Sarl (Dometic)","TCW 40 SDD",,,2021
2246,"5 - TCW 3000 SDD ()",805,"B Medical Systems Sarl (Dometic)","TCW 3000 SDD",,,2018
2247,"5 - TCW 3000 SDD ()",805,"B Medical Systems Sarl (Dometic)","TCW 3000 SDD",,,2018
2248,"3 - VLS 054 SDD Greenline ()",805,"Vestfrost Solutions","VLS 054 SDD Greenline",,,2018
2249,"5 - TCW 40 SDD ()",805,"B Medical Systems Sarl (Dometic)","TCW 40 SDD",,,2018
2251,"5 - TCW 2043 SDD ()",805,"B Medical Systems Sarl (Dometic)","TCW 2043 SDD",,,2018
2252,"3 - VLS 054 SDD Greenline ()",805,"Vestfrost Solutions","VLS 054 SDD Greenline",,,2018
2253,"3 - VLS 054 SDD Greenline ()",805,"Vestfrost Solutions","VLS 054 SDD Greenline",,,2018
2254,"5 - TCW 2043 SDD ()",805,"B Medical Systems Sarl (Dometic)","TCW 2043 SDD",,,2018
2296,"5 - TCW 40 SDD ()",809,"B Medical Systems Sarl (Dometic)","TCW 40 SDD",,,2021
1516,"7 - MF314 ()",955,"Vestfrost","MF314",,,2010
2297,"5 - TCW 3000 SDD ()",810,"B Medical Systems Sarl (Dometic)","TCW 3000 SDD",,,2018
2299,"3 - TCW 3000 SDD ()",812,"B Medical Systems Sarl (Dometic)","TCW 3000 SDD",,,2018
2300,"3 - TCW 40 SDD ()",813,"B Medical Systems Sarl (Dometic)","TCW 40 SDD",,,2021
2301,"3 - TCW 2043 SDD ()",814,"B Medical Systems Sarl (Dometic)","TCW 2043 SDD",,,2018
2302,"3 - TCW 2043 SDD ()",815,"B Medical Systems Sarl (Dometic)","TCW 2043 SDD",,,2018
2319,"5 - TCW 2043 SDD ()",817,"B Medical Systems Sarl (Dometic)","TCW 2043 SDD",,,2018
2320,"5 - TCW 2043 SDD ()",818,"B Medical Systems Sarl (Dometic)","TCW 2043 SDD",,,2018
2321,"5 - TCW 3000 SDD ()",819,"B Medical Systems Sarl (Dometic)","TCW 3000 SDD",,,2018
2322,"5 - TCWSDD 40 ()",820,"Dulas","TCWSDD 40",,,2021
1927,"3 - VLS 400A Greenline ()",823,"Vestfrost Solutions","VLS 400A Greenline",,,2020
1928,"3 - VLS 400A Greenline ()",823,"Vestfrost Solutions","VLS 400A Greenline",,,2020
1929,"3 - VLS 400A Greenline ()",823,"Vestfrost Solutions","VLS 400A Greenline",,,2020
1930,"3 - VLS 400A Greenline ()",823,"Vestfrost Solutions","VLS 400A Greenline",,,2020
1932,"3 - VLS 400A Greenline ()",823,"Vestfrost Solutions","VLS 400A Greenline",,,2020
1933,"4 - MF 314 ()",823,"Vestfrost","MF 314",,,2020
1934,"4 - MF 314 ()",823,"Vestfrost","MF 314",,,2020
1935,"4 - MF 314 ()",823,"Vestfrost","MF 314",,,2020
1936,"4 - MF 314 ()",823,"Vestfrost","MF 314",,,2020
1938,"3 - VLS 350A Greenline ()",823,"Vestfrost Solutions","VLS 350A Greenline",,,2021
1939,"3 - TCW 2000 AC ()",823,"B Medical Systems Sarl (Dometic)","TCW 2000 AC",,,2017
1940,"3 - TCW 3000 AC ()",823,"B Medical Systems Sarl (Dometic)","TCW 3000 AC",,,2017
1941,"3 - MK 304 ()",823,"Vestfrost","MK 304",,,2010
1845,"3 - VLS 400A Greenline (20194736950)",824,"Vestfrost Solutions","VLS 400A Greenline","20194736950",,2021
1846,"3 - VLS 154 SDD Greenline ()",824,"Vestfrost Solutions","VLS 154 SDD Greenline",,,2021
1847,"3 - VC 65-2 ()",824,"Dulas","VC 65-2",,,2010
1849,"3 - TCW 2000 SDD (6293995)",824,"B Medical Systems Sarl (Dometic)","TCW 2000 SDD","6293995",,2018
1850,"3 - RCW 42 EG/CF ()",825,"Electrolux","RCW 42 EG/CF",,,2000
1853,"7 - FCW 20 EG/CF ()",826,"Electrolux","FCW 20 EG/CF",,,2004
1854,"3 - RCW 42 EG/CF ()",826,"Electrolux","RCW 42 EG/CF",,,2004
1866,"3 - RCW 42 EG/CF ()",827,"Electrolux","RCW 42 EG/CF",,,2002
1869,"5 - VLS 056 RF SDD (20194534649)",828,"Vestfrost Solutions","VLS 056 RF SDD","20194534649",,2021
1870,"3 - TCW 2000 SDD (6293873)",829,"B Medical Systems Sarl (Dometic)","TCW 2000 SDD","6293873",,2018
1871,"3 - RCW 50 EG/CF ()",829,"Electrolux","RCW 50 EG/CF",,,2005
1876,"5 - TCW 40 SDD (10327333)",830,"B Medical Systems Sarl (Dometic)","TCW 40 SDD","10327333",,2021
1877,"5 - RCW 42 EG/CF ()",830,"Electrolux","RCW 42 EG/CF",,,2000
2398,"3 - VLS 054 SDD Greenline ()",804,"Vestfrost Solutions","VLS 054 SDD Greenline",,,2018
2239,"3 - RCW 50 EG/CF ()",805,"Electrolux","RCW 50 EG/CF",,,2005
2256,"5 - TCW 3000 SDD ()",805,"B Medical Systems Sarl (Dometic)","TCW 3000 SDD",,,2018
2264,"5 - TCW 40 SDD ()",805,"B Medical Systems Sarl (Dometic)","TCW 40 SDD",,,2021
80,"3 - RCW 50 EG/CF ()",806,"Electrolux","RCW 50 EG/CF",,,2005
2292,"5 - TCW 2043 SDD ()",808,"B Medical Systems Sarl (Dometic)","TCW 2043 SDD",,,2018
2293,"3 - VLS 054 SDD Greenline ()",809,"Vestfrost Solutions","VLS 054 SDD Greenline",,,2018
1902,"5 - TCW 40 SDD ()",834,"B Medical Systems Sarl (Dometic)","TCW 40 SDD",,,2018
1904,"4 - FCW 20 EG/CF ()",834,"Electrolux","FCW 20 EG/CF",,,2004
1905,"5 - TCW 40 SDD ()",834,"B Medical Systems Sarl (Dometic)","TCW 40 SDD",,,2021
1906,"5 - NRC 30-10 ()",834,"Norcoast","NRC 30-10",,,2004
1912,"3 - RCW 42 EG/CF ()",836,"Electrolux","RCW 42 EG/CF",,,2002
1913,"5 - TCW 40 SDD ()",836,"B Medical Systems Sarl (Dometic)","TCW 40 SDD",,,2021
1897,"5 - TCW 40 SDD (1032732)",837,"B Medical Systems Sarl (Dometic)","TCW 40 SDD","1032732",,2021
1898,"3 - NRC 30-10 ()",837,"Norcoast","NRC 30-10",,,2004
1894,"5 - TCW 40 SDD ()",838,"B Medical Systems Sarl (Dometic)","TCW 40 SDD",,,2021
1895,"5 - RCW 42 EG/CF ()",838,"Electrolux","RCW 42 EG/CF",,,2000
1907,"5 - TCW 40 SDD ()",839,"B Medical Systems Sarl (Dometic)","TCW 40 SDD",,,2021
1909,"5 - RCW 42 EG/CF ()",839,"Electrolux","RCW 42 EG/CF",,,2002
1855,"5 - VLS 064 RF ()",841,"Vestfrost","VLS 064 RF",,,2021
1856,"5 - MK074 ()",841,"Vestfrost","MK074",,,2010
1858,"4 - FCW 20 EG/CF ()",842,"Electrolux","FCW 20 EG/CF",,,2004
1862,"5 - TCW 40 SDD (1032717)",843,"B Medical Systems Sarl (Dometic)","TCW 40 SDD","1032717",,2021
1863,"3 - RCW 42 EG/CF ()",843,"Electrolux","RCW 42 EG/CF",,,2000
1864,"4 - FCW 20 EG/CF ()",843,"Electrolux","FCW 20 EG/CF",,,2004
1865,"4 - FCW 20 EG/CF ()",843,"Electrolux","FCW 20 EG/CF",,,2004
1884,"3 - MK074 ()",844,"Vestfrost","MK074",,,2012
1885,"5 - TCW 40 SDD (10372731)",845,"B Medical Systems Sarl (Dometic)","TCW 40 SDD","10372731",,2021
1891,"5 - TCW 40 SDD (1032710)",846,"B Medical Systems Sarl (Dometic)","TCW 40 SDD","1032710",,2021
1892,"3 - RCW 42 EG/CF ()",846,"Electrolux","RCW 42 EG/CF",,,2002
1910,"5 - TCW 40 SDD ()",847,"B Medical Systems Sarl (Dometic)","TCW 40 SDD",,,2021
1911,"5 - TCW 40 SDD ()",847,"B Medical Systems Sarl (Dometic)","TCW 40 SDD",,,2021
1917,"5 - TCW 40 SDD (10327320)",849,"B Medical Systems Sarl (Dometic)","TCW 40 SDD","10327320",,2021
1918,"3 - RCW 42 EG/CF ()",849,"Electrolux","RCW 42 EG/CF",,,2004
1919,"4 - FCW 20 EG/CF ()",849,"Electrolux","FCW 20 EG/CF",,,2004
1920,"5 - VLS 054 SDD Greenline (20194634993)",850,"Vestfrost Solutions","VLS 054 SDD Greenline","20194634993",,2021
1921,"5 - TCW 40 SDD (1032746)",850,"B Medical Systems Sarl (Dometic)","TCW 40 SDD","1032746",,2021
1925,"5 - TCW 40 SDD (1032748)",851,"B Medical Systems Sarl (Dometic)","TCW 40 SDD","1032748",,2021
1886,"5 - TCW 40 SDD (1032711)",852,"B Medical Systems Sarl (Dometic)","TCW 40 SDD","1032711",,2021
1887,"5 - RCW 42 EG/CF ()",852,"Electrolux","RCW 42 EG/CF",,,2000
1899,"3 - MK074 ()",853,"Vestfrost","MK074",,,2012
1874,"5 - MK074 ()",854,"Vestfrost","MK074",,,2010
1878,"5 - MK074 ()",855,"Vestfrost","MK074",,,2012
1859,"5 - TCW 40 SDD (5274419)",856,"B Medical Systems Sarl (Dometic)","TCW 40 SDD","5274419",,2017
1860,"5 - TCW 40 SDD ()",856,"B Medical Systems Sarl (Dometic)","TCW 40 SDD",,,2021
1861,"4 - FCW 20 EG/CF ()",856,"Electrolux","FCW 20 EG/CF",,,2004
1873,"5 - TCW 40 SDD ()",857,"B Medical Systems Sarl (Dometic)","TCW 40 SDD",,,2021
1882,"5 - TCW 40 SDD ()",858,"B Medical Systems Sarl (Dometic)","TCW 40 SDD",,,2018
1926,"5 - VLS 056 RF SDD ()",859,"Vestfrost Solutions","VLS 056 RF SDD",,,2021
1923,"5 - TCW 40 SDD (1032736)",861,"B Medical Systems Sarl (Dometic)","TCW 40 SDD","1032736",,2021
1851,"5 - VLS 056 RF SDD (20194634982)",862,"Vestfrost Solutions","VLS 056 RF SDD","20194634982",,2021
1852,"5 - TCW 40 SDD (1032744)",862,"B Medical Systems Sarl (Dometic)","TCW 40 SDD","1032744",,2021
1265,"3 - Vls400A green line (20194736900)",863,"Vestfrost Solutions","Vls400A green line","20194736900",,2020
1266,"3 - Vls400A green line (20194736900)",863,"Vestfrost Solutions","Vls400A green line","20194736900",,2020
1267,"3 - Vls400A green line (20194736900)",863,"Vestfrost Solutions","Vls400A green line","20194736900",,2020
1268,"3 - Vls400A green line (20194736900)",863,"Vestfrost Solutions","Vls400A green line","20194736900",,2020
1269,"3 - Vls400A green line (20194736900)",863,"Vestfrost Solutions","Vls400A green line","20194736900",,2020
1271,"3 - Vls400A green line (20194736900)",863,"Vestfrost Solutions","Vls400A green line","20194736900",,2020
1275,"3 - VLS 400A Greenline (20194736889)",863,"Vestfrost Solutions","VLS 400A Greenline","20194736889",,2020
1276,"3 - VLS 400A Greenline (20194736889)",863,"Vestfrost Solutions","VLS 400A Greenline","20194736889",,2020
1277,"3 - VLS 400A Greenline (20194736889)",863,"Vestfrost Solutions","VLS 400A Greenline","20194736889",,2020
1880,"3 - RCW 50 EG/CF ()",832,"Electrolux","RCW 50 EG/CF",,,2005
1901,"5 - RCW 42 EG/CF ()",833,"Electrolux","RCW 42 EG/CF",,,2000
1282,"3 - VLS 400A Greenline (20194736889)",863,"Vestfrost Solutions","VLS 400A Greenline","20194736889",,2020
1283,"3 - VLS 400A Greenline (20194736889)",863,"Vestfrost Solutions","VLS 400A Greenline","20194736889",,2020
1284,"3 - VLS 400A Greenline (20194736889)",863,"Vestfrost Solutions","VLS 400A Greenline","20194736889",,2020
1285,"3 - VLS 400A Greenline (20194736889)",863,"Vestfrost Solutions","VLS 400A Greenline","20194736889",,2020
1287,"3 - VLS 400A Greenline (20194736889)",863,"Vestfrost Solutions","VLS 400A Greenline","20194736889",,2020
1288,"3 - VLS 400A Greenline (20194736889)",863,"Vestfrost Solutions","VLS 400A Greenline","20194736889",,2020
1745,"3 - MK 304 ()",863,"Vestfrost","MK 304",,,2010
1746,"4 - MF 314 ()",863,"Vestfrost","MF 314",,,2010
1747,"3 - VLS 350A Greenline ()",863,"Vestfrost Solutions","VLS 350A Greenline",,,2018
1749,"3 - VLS 400A Greenline ()",863,"Vestfrost Solutions","VLS 400A Greenline",,,2019
1750,"3 - VLS 400A Greenline ()",863,"Vestfrost Solutions","VLS 400A Greenline",,,2019
1751,"3 - VLS 400A Greenline ()",863,"Vestfrost Solutions","VLS 400A Greenline",,,2019
1752,"3 - VLS 400A Greenline ()",863,"Vestfrost Solutions","VLS 400A Greenline",,,2019
1753,"4 - MF 314 ()",863,"Vestfrost","MF 314",,,2022
1755,"3 - VLS 350A Greenline ()",863,"Vestfrost Solutions","VLS 350A Greenline",,,2018
1738,"3 - MK 304 ()",864,"Vestfrost","MK 304",,,2010
1739,"4 - MF 314 ()",864,"Vestfrost","MF 314",,,2010
1741,"3 - FCW 20 EG/CF ()",874,"Electrolux","FCW 20 EG/CF",,,2018
1100,"3 - MK304 ()",908,"Vestfrost","MK304",,,2008
1101,"3 - MK304 ()",908,"Vestfrost","MK304",,,2008
1102,"3 - MK304 ()",908,"Vestfrost","MK304",,,2008
1104,"3 - VLS 400A (20194736880)",908,"Vestfrost Solutions","VLS 400A","20194736880",,2021
1105,"3 - VLS 064A (20210921244)",908,"Vestfrost","VLS 064A","20210921244",,2021
1670,"4 - MV 314 ()",908,"Vestfrost","MV 314",,,2008
182,"5 - VLS 056 RF SDD (20194534650)",912,"Vestfrost Solutions","VLS 056 RF SDD","20194534650",,2021
87,"5 - TCW 40 SDD (1032561)",913,"B Medical Systems Sarl (Dometic)","TCW 40 SDD","1032561",,2022
2277,"3 - TCW 40 SDD ()",914,"B Medical Systems Sarl (Dometic)","TCW 40 SDD",,,2022
2278,"5 - TCW 40 SDD ()",914,"B Medical Systems Sarl (Dometic)","TCW 40 SDD",,,2022
480,"3 - VLS 056 RF SDD (20194534655)",918,"Vestfrost Solutions","VLS 056 RF SDD","20194534655",,2021
2294,"3 - VC-65 F ()",920,"Dulas","VC-65 F",,,2010
98,"3 - MK 304 ()",924,"Vestfrost","MK 304",,,2015
502,"3 - VLS 400A (20194736886)",924,"Vestfrost Solutions","VLS 400A","20194736886",,2021
528,"4 - MF 314 ()",924,"Vestfrost","MF 314",,,2010
328,"3 - MK074 ()",942,"Vestfrost","MK074",,,2009
1235,"3 - MK304 (20154728690)",942,"Vestfrost","MK304","20154728690",,2009
1236,"3 - MK 304 (20200952941)",942,"Vestfrost","MK 304","20200952941",,2009
1237,"3 - VLS 404A AC (20194736952)",942,"Vestfrost Solutions","VLS 404A AC","20194736952",,2023
1247,"11 -  ()",942,,,,,
1248,"11 -  ()",942,,,,,
1249,"14 - 255-00019 ()",942,"Berlinger & Co. AG","255-00019",,,2023
1251,"14 - 255-00019 ()",942,"Berlinger & Co. AG","255-00019",,,2023
1252,"14 - 255-00019 ()",942,"Berlinger & Co. AG","255-00019",,,2023
1255,"20 - 1200VA ()",942,,"1200VA",,,
1256,"19 - BP- DE14 ()",942,,"BP- DE14",,,
1294,"24 - STATION WAGON ()",942,"Toyota","STATION WAGON",,,
1030,"3 - MK304 ()",955,"Vestfrost","MK304",,,2010
1031,"3 - MK304 ()",955,"Vestfrost","MK304",,,2010
1033,"3 - VLS 350A Greenline ()",955,"Vestfrost Solutions","VLS 350A Greenline",,,2018
1035,"4 - MF 314 ()",955,"Vestfrost","MF 314",,,2010
1036,"3 - VLS 400A Greenline ()",955,"Vestfrost Solutions","VLS 400A Greenline",,,2018
1038,"3 - VLS 400A Greenline (20200952936)",955,"Vestfrost Solutions","VLS 400A Greenline","20200952936",,2021
1039,"3 - VLS 400A Greenline (20201054623)",955,"Vestfrost Solutions","VLS 400A Greenline","20201054623",,2021
1040,"3 - VLS 400A Greenline (20200952953)",955,"Vestfrost Solutions","VLS 400A Greenline","20200952953",,2021
1041,"3 - VLS 400A Greenline (20201054631)",955,"Vestfrost Solutions","VLS 400A Greenline","20201054631",,2021
1042,"3 - VLS 400A Greenline (20201054633)",955,"Vestfrost Solutions","VLS 400A Greenline","20201054633",,2021
1045,"4 - MF 314 (20190461137)",955,"Vestfrost","MF 314","20190461137",,2021
1387,"3 - MK304 ()",955,"Vestfrost","MK304",,,2010
1279,"3 - VLS 400A Greenline (20194736889)",863,"Vestfrost Solutions","VLS 400A Greenline","20194736889",,2020
1280,"3 - VLS 400A Greenline (20194736889)",863,"Vestfrost Solutions","VLS 400A Greenline","20194736889",,2020
1495,"3 - MK304 ()",955,"Vestfrost","MK304",,,2010
1497,"3 - MK304 ()",955,"Vestfrost","MK304",,,2010
1498,"3 - MK304 ()",955,"Vestfrost","MK304",,,2010
1499,"3 - MK304 ()",955,"Vestfrost","MK304",,,2010
1501,"3 - MK304 ()",955,"Vestfrost","MK304",,,2010
1502,"3 - MK304 ()",955,"Vestfrost","MK304",,,2010
1503,"3 - MK304 ()",955,"Vestfrost","MK304",,,2010
1505,"3 - MK304 ()",955,"Vestfrost","MK304",,,2010
1506,"3 - MK304 ()",955,"Vestfrost","MK304",,,2010
1507,"3 - MK304 ()",955,"Vestfrost","MK304",,,2010
1509,"3 - MK304 ()",955,"Vestfrost","MK304",,,2010
1510,"3 - MK304 ()",955,"Vestfrost","MK304",,,2010
1511,"3 - MK304 ()",955,"Vestfrost","MK304",,,2010
1512,"3 - MK304 ()",955,"Vestfrost","MK304",,,2010
1514,"4 - MF 314 (2.01904612E + 10)",955,"Vestfrost","MF 314","2.01904612E + 10",,2021
1515,"4 - MF 314 (2.01904612E + 10)",955,"Vestfrost","MF 314","2.01904612E + 10",,2021
1518,"7 - MF314 ()",955,"Vestfrost","MF314",,,2010
1519,"7 - MF314 ()",955,"Vestfrost","MF314",,,2010
1393,"3 - VLS 054 SDD Greenline (20154728208)",957,"Vestfrost Solutions","VLS 054 SDD Greenline","20154728208",,2017
1394,"5 - VLS 056 RF SDD (20194635019)",957,"Vestfrost Solutions","VLS 056 RF SDD","20194635019",,2021
1395,"5 - VLS 056 RF SDD (20194635019)",957,"Vestfrost Solutions","VLS 056 RF SDD","20194635019",,2021
1396,"5 - VLS 056 RF SDD (20194635019)",957,"Vestfrost Solutions","VLS 056 RF SDD","20194635019",,2021
1048,"5 - VLS 056 RF SDD (20194635014)",958,"Vestfrost Solutions","VLS 056 RF SDD","20194635014",,2021
1053,"3 - RCW 42 EG/CF ()",960,"Electrolux","RCW 42 EG/CF",,,2002
2146,"3 - MK074 ()",961,"Vestfrost","MK074",,,2010
2147,"3 - TCW 40 SDD ()",961,"B Medical Systems Sarl (Dometic)","TCW 40 SDD",,,2021
2148,"3 - MK074 ()",962,"Vestfrost","MK074",,,2010
2078,"5 - VLS 056 RF SDD ()",964,"Vestfrost Solutions","VLS 056 RF SDD",,,2021
2150,"3 - BFRV55 ()",967,"SunDanzer","BFRV55",,,2006
2151,"3 - BR 55 ()",968,"SunDanzer","BR 55",,,2006
2152,"3 - BFRV55 ()",969,"SunDanzer","BFRV55",,,2006
2153,"3 - RCW 42 EG/CF ()",970,"Electrolux","RCW 42 EG/CF",,,2000
2155,"3 - TCW 40 SDD ()",972,"B Medical Systems Sarl (Dometic)","TCW 40 SDD",,,2018
2156,"3 - BFRV 15 SDD ()",973,"SunDanzer","BFRV 15 SDD",,,2006
1398,"3 - VLS 054 SDD Greenline (20154728241)",974,"Vestfrost Solutions","VLS 054 SDD Greenline","20154728241",,2017
1399,"5 - VLS 056 RF SDD (20194635016)",974,"Vestfrost Solutions","VLS 056 RF SDD","20194635016",,2021
1400,"5 - VLS 056 RF SDD (20194635016)",974,"Vestfrost Solutions","VLS 056 RF SDD","20194635016",,2021
1401,"5 - VLS 056 RF SDD (20194635016)",974,"Vestfrost Solutions","VLS 056 RF SDD","20194635016",,2021
2079,"3 - VLS 054 SDD Greenline ()",975,"Vestfrost Solutions","VLS 054 SDD Greenline",,,2017
2081,"5 - VLS 056 RF SDD ()",978,"Vestfrost Solutions","VLS 056 RF SDD",,,2021
2082,"3 - RCW 42 EG/CF ()",979,"Electrolux","RCW 42 EG/CF",,,2002
2157,"3 - MK074 ()",981,"Vestfrost","MK074",,,2010
2158,"3 - RCW 50 EG/CF ()",982,"Electrolux","RCW 50 EG/CF",,,2005
2063,"3 - MK 144 ()",983,"Vestfrost","MK 144",,,2016
2064,"3 - MK 144 ()",983,"Vestfrost","MK 144",,,2016
2065,"3 - MK 144 ()",983,"Vestfrost","MK 144",,,2016
2066,"3 - MK 304 ()",983,"Vestfrost","MK 304",,,2008
2067,"3 - MK 304 ()",983,"Vestfrost","MK 304",,,2010
2069,"3 - VLS 350A Greenline ()",983,"Vestfrost Solutions","VLS 350A Greenline",,,2018
2083,"3 - MK 144 ()",984,"Vestfrost","MK 144",,,2016
2084,"3 - MK 144 ()",985,"Vestfrost","MK 144",,,2016
2085,"3 - MK 304 ()",985,"Vestfrost","MK 304",,,2008
2087,"3 - VLS 350A Greenline ()",985,"Vestfrost Solutions","VLS 350A Greenline",,,2018
2088,"3 - VLS 350A Greenline ()",985,"Vestfrost Solutions","VLS 350A Greenline",,,2018
2089,"3 - MK 304 ()",985,"Vestfrost","MK 304",,,2010
2091,"3 - MF 314 ()",985,"Vestfrost","MF 314",,,2010
2092,"3 - MK 144 ()",986,"Vestfrost","MK 144",,,2016
2093,"3 - MK 304 ()",987,"Vestfrost","MK 304",,,2010
1493,"3 - MK304 ()",955,"Vestfrost","MK304",,,2010
1494,"3 - MK304 ()",955,"Vestfrost","MK304",,,2010
2099,"3 - VLS 400A Greenline ()",987,"Vestfrost Solutions","VLS 400A Greenline",,,2018
2100,"5 - VLS 056 RF SDD ()",988,"Vestfrost Solutions","VLS 056 RF SDD",,,2021
2160,"3 - MK074 ()",989,"Vestfrost","MK074",,,2010
2159,"3 - VLS 064 RF ()",990,"Vestfrost","VLS 064 RF",,,2021
2163,"3 - TCW 40 SDD ()",991,"B Medical Systems Sarl (Dometic)","TCW 40 SDD",,,2021
2101,"5 - VLS 056 RF SDD ()",993,"Vestfrost Solutions","VLS 056 RF SDD",,,2021
2167,"3 - TCW 40 SDD ()",993,"B Medical Systems Sarl (Dometic)","TCW 40 SDD",,,2021
2102,"3 - RCW 42 EG/CF ()",994,"Electrolux","RCW 42 EG/CF",,,2005
2162,"3 - RCW 50 EG/CF ()",994,"Electrolux","RCW 50 EG/CF",,,2005
2104,"3 - RCW 50 EG/CF ()",996,"Electrolux","RCW 50 EG/CF",,,2005
1989,"5 - TCW 40 SDD ()",997,"B Medical Systems Sarl (Dometic)","TCW 40 SDD",,,2021
2105,"3 - RCW 50 EG/CF ()",997,"Electrolux","RCW 50 EG/CF",,,2002
2106,"3 - MKF 074 ()",998,"Vestfrost","MKF 074",,,2008
2107,"3 - MKF 074 ()",999,"Vestfrost","MKF 074",,,2008
2108,"5 - TCW 40 SDD ()",1001,"B Medical Systems Sarl (Dometic)","TCW 40 SDD",,,2018
1422,"25 - Land Cruiser 10 Seater ()",208,"Toyota","Land Cruiser 10 Seater",,,
2109,"5 - TCW 2043 SDD ()",1002,"B Medical Systems Sarl (Dometic)","TCW 2043 SDD",,,2017
2165,"3 - TCW 40 SDD ()",1003,"B Medical Systems Sarl (Dometic)","TCW 40 SDD",,,2021
376,"3 - VLS 054 SDD Greenline ()",1004,"Vestfrost Solutions","VLS 054 SDD Greenline",,,2017
377,"3 - VLS 064 RF ()",1004,"Vestfrost","VLS 064 RF",,,2023
379,"3 - VLS 064 RF ()",1004,"Vestfrost","VLS 064 RF",,,2023
381,"3 - VLS 064 RF ()",1004,"Vestfrost","VLS 064 RF",,,2023
512,"3 - MK 304 ()",1004,"Vestfrost","MK 304",,,2008
517,"3 - MK074 ()",1004,"Vestfrost","MK074",,,2008
518,"3 - VLS 350A Greenline ()",1004,"Vestfrost Solutions","VLS 350A Greenline",,,2008
535,"3 - VLS 400A Greenlin ()",1004,"Vestfrost Solutions","VLS 400A Greenlin",,,2018
536,"3 - VLS 400A Greenlin ()",1004,"Vestfrost Solutions","VLS 400A Greenlin",,,2018
615,"3 - VLS 404A AC ()",1004,"Vestfrost Solutions","VLS 404A AC",,,2021
616,"3 - VLS 404A AC ()",1004,"Vestfrost Solutions","VLS 404A AC",,,2021
617,"3 - VLS 404A AC ()",1004,"Vestfrost Solutions","VLS 404A AC",,,2021
619,"3 - VLS 404A AC ()",1004,"Vestfrost","VLS 404A AC",,,2021
620,"3 - MF 314 ()",1004,"Vestfrost","MF 314",,,2021
622,"3 - VLS 404A AC ()",1004,"Vestfrost Solutions","VLS 404A AC",,,2021
829,"3 - TCW 4000 SDD ()",1004,"B Medical Systems Sarl (Dometic)","TCW 4000 SDD",,,2017
830,"3 - RCW 50 EG/CF ()",1004,"Electrolux","RCW 50 EG/CF",,,2006
1666,"4 - MF 314 ()",1004,"Vestfrost","MF 314",,,2008
1668,"4 - MF 314 ()",1004,"Vestfrost","MF 314",,,2021
1187,"3 - MK 304 ()",1005,"Vestfrost","MK 304",,,2016
1189,"3 - MK 304 ()",1005,"Vestfrost","MK 304",,,2016
1190,"3 - MK 144 (20154728716)",1005,"Vestfrost","MK 144","20154728716",,2016
1192,"3 - VLS 400A GreenLine (20200952923)",1005,"Vestfrost Solutions","VLS 400A GreenLine","20200952923",,2021
1193,"3 - VLS 400A GreenLine (20201054595)",1005,"Vestfrost Solutions","VLS 400A GreenLine","20201054595",,2021
1194,"3 - VLS 400A GreenLine (20194736941)",1005,"Vestfrost Solutions","VLS 400A GreenLine","20194736941",,2021
1195,"3 - VLS 400A GreenLine (20200952919)",1005,"Vestfrost Solutions","VLS 400A GreenLine","20200952919",,2021
1197,"4 - MF 314 (20194432268)",1005,"Vestfrost","MF 314","20194432268",,2021
549,"3 - TCW40 (1032735)",1012,"B Medical Systems Sarl (Dometic)","TCW40","1032735",,2022
562,"3 - TCW40 ()",1014,"B Medical Systems Sarl (Dometic)","TCW40",,,2022
572,"3 - TCW 40 SDD (1032546)",1015,"B Medical Systems Sarl (Dometic)","TCW 40 SDD","1032546",,2022
573,"3 - TCW 40 SDD ()",1018,"B Medical Systems Sarl (Dometic)","TCW 40 SDD",,,2022
2224,"3 - MK304 ()",1021,"Vestfrost","MK304",,,2017
2225,"3 - MK304 ()",1022,"Vestfrost","MK304",,,2010
1355,"3 - VLS 404A AC (20194736956)",1023,"Vestfrost Solutions","VLS 404A AC","20194736956",,2021
1357,"9 -  ()",1023,"Ina ColdMed",,,,
1358,"9 -  ()",1023,"Ina ColdMed",,,,
1360,"14 -  ()",1023,"Qingdao Haier Biomedical Co., Ltd",,,,2021
1361,"14 -  ()",1023,"Qingdao Haier Biomedical Co., Ltd",,,,2021
1295,"3 - VLS 056 RF SDD (20194534639 ?????check..)",1024,"Vestfrost Solutions","VLS 056 RF SDD","20194534639 ?????check..",,2021
1296,"3 - VLS 064 RF (20220827774)",1024,"Vestfrost","VLS 064 RF","20220827774",,2021
2096,"3 - MK 304 ()",987,"Vestfrost","MK 304",,,2010
2097,"3 - MK 304 ()",987,"Vestfrost","MK 304",,,2010
1345,"16 - BB 111 ()",1024,"Sagar Electricals","BB 111",,,2022
2199,"3 - RCW 50 EG/CF ()",1025,"Electrolux","RCW 50 EG/CF",,,2005
2807,"3 - VLS 064 RF AC (20220827769)",1027,"Vestfrost Solutions","VLS 064 RF AC","20220827769",,2023
2808,"3 - VLS 404A AC (20194736882)",1027,"Vestfrost Solutions","VLS 404A AC","20194736882",,2021
2809,"3 - VLS 054 SDD (20154728215)",1027,"Vestfrost","VLS 054 SDD","20154728215",,2018
2810,"8 - RCW 25 ()",1027,"Dometic","RCW 25",,,
2811,"9 -  ()",1027,,,,,
2813,"9 -  ()",1027,,,,,
2814,"16 -  ()",1027,"Others",,,,
2204,"3 - VLS 056 RF SDD (20194534641)",1030,"Vestfrost Solutions","VLS 056 RF SDD","20194534641",,2019
2205,"3 - RCW 42 EG/CF ()",1031,"Electrolux","RCW 42 EG/CF",,,2005
2207,"3 - VLS 056 RF SDD (20174651534)",1033,"Vestfrost Solutions","VLS 056 RF SDD","20174651534",,2019
2226,"3 - TCW 40 SDD ()",1036,"B Medical Systems Sarl (Dometic)","TCW 40 SDD",,,2022
2227,"3 - TCW 40 SDD (1032571)",1037,"B Medical Systems Sarl (Dometic)","TCW 40 SDD","1032571",,2022
2228,"3 - TCW 40 SDD (1032551)",1038,"B Medical Systems Sarl (Dometic)","TCW 40 SDD","1032551",,2022
2230,"5 - TCW 40 SDD (1032538)",1039,"B Medical Systems Sarl (Dometic)","TCW 40 SDD","1032538",,2022
2232,"5 - TCW 40 SDD (1032702)",1041,"B Medical Systems Sarl (Dometic)","TCW 40 SDD","1032702",,2022
2233,"3 - MK074 ()",1042,"Vestfrost","MK074",,,2010
2236,"5 - TCW 40 SDD (1032552)",1043,"B Medical Systems Sarl (Dometic)","TCW 40 SDD","1032552",,2022
2238,"3 - VC-65 F ()",1045,"Dulas","VC-65 F",,,2008
2423,"3 - VLS 054 RF SDD (20154728204)",1063,"Vestfrost Solutions","VLS 054 RF SDD","20154728204",,2017
2775,"5 - VLS 056 RF SDD (?????)",1063,"Vestfrost Solutions","VLS 056 RF SDD","?????",,2024
2488,"3 - VLS 056 RF SDD (20194635000)",1065,"Vestfrost Solutions","VLS 056 RF SDD","20194635000",,2021
2489,"3 - TCW 40 SDD (1032572)",1066,"B Medical Systems Sarl (Dometic)","TCW 40 SDD","1032572",,2021
2491,"3 - MK144 ()",1068,"Vestfrost","MK144",,,2017
2492,"3 - VLS 054 SDD Greenline (20154728237)",1069,"Vestfrost Solutions","VLS 054 SDD Greenline","20154728237",,2017
2493,"3 - VLS 056 RF SDD (20191461155)",1070,"Vestfrost Solutions","VLS 056 RF SDD","20191461155",,2020
2494,"3 - VLS 056 RF SDD (20210921252)",1071,"Vestfrost Solutions","VLS 056 RF SDD","20210921252",,2021
2750,"5 - VLS 056 RF SDD (20242400521)",1072,"Vestfrost Solutions","VLS 056 RF SDD","20242400521",,2024
2496,"3 - TCW 2000 SDD (6293994)",1073,"B Medical Systems Sarl (Dometic)","TCW 2000 SDD","6293994",,2016
2497,"3 - RCW 42 EG/CF ()",1074,"Electrolux","RCW 42 EG/CF",,,2002
2461,"3 - TCW 2000 SDD (6293996)",1076,"B Medical Systems Sarl (Dometic)","TCW 2000 SDD","6293996",,2017
2816,"5 - VLS 056 RF SDD (20234722769)",1080,"Vestfrost Solutions","VLS 056 RF SDD","20234722769",,2024
2498,"3 - VLS 056 RF SDD (20194634998)",1081,"Vestfrost Solutions","VLS 056 RF SDD","20194634998",,2020
2471,"3 - MK 304 ()",1085,"Vestfrost","MK 304",,,2008
2472,"3 - MK304 ()",1085,"Vestfrost","MK304",,,2008
2475,"3 - TCW 40 SDD (5274429)",1086,"B Medical Systems Sarl (Dometic)","TCW 40 SDD","5274429",,2017
2477,"3 - VLS 056 RF SDD (20194634992)",1088,"Vestfrost Solutions","VLS 056 RF SDD","20194634992",,2020
2480,"3 - VLS 054A SDD Greenline (20174446538)",1091,"Vestfrost Solutions","VLS 054A SDD Greenline","20174446538",,2018
2751,"5 - VLS 056 RF SDD (?????)",1091,"Vestfrost Solutions","VLS 056 RF SDD","?????",,2024
2416,"5 - TCW 40 SDD ()",1094,"B Medical Systems Sarl (Dometic)","TCW 40 SDD",,,2022
2485,"3 - VLS 056 RF SDD (20194634999)",1095,"Vestfrost Solutions","VLS 056 RF SDD","20194634999",,2021
2486,"3 - TCW 40 SDD (1032570)",1095,"B Medical Systems Sarl (Dometic)","TCW 40 SDD","1032570",,2022
2484,"3 - TCW 2000 SDD (6293978)",1096,"B Medical Systems Sarl (Dometic)","TCW 2000 SDD","6293978",,2017
2483,"3 - VLS 056 RF SDD (20194635002)",1098,"Vestfrost Solutions","VLS 056 RF SDD","20194635002",,2020
2450,"3 - VLS 056 RF SDD (20194635000)",1105,"Vestfrost Solutions","VLS 056 RF SDD","20194635000",,2017
2452,"3 - VLS 054 SDD Greenline (20154728245)",1107,"Vestfrost Solutions","VLS 054 SDD Greenline","20154728245",,2017
2453,"3 - VLS 056 RF SDD ()",1108,"Vestfrost Solutions","VLS 056 RF SDD",,,2021
2454,"3 - VLS 054 SDD Greenline (20154728218)",1109,"Vestfrost Solutions","VLS 054 SDD Greenline","20154728218",,2017
2455,"3 - TCW 40 SDD (1032562)",1109,"B Medical Systems Sarl (Dometic)","TCW 40 SDD","1032562",,2021
2456,"3 - VLS 056 RF SDD ()",1110,"Vestfrost Solutions","VLS 056 RF SDD",,,2021
2828,"5 - VLS 056 RF SDD (20240329792)",1111,"Vestfrost Solutions","VLS 056 RF SDD","20240329792",,2025
2458,"3 - MK074 ()",1112,"Vestfrost","MK074",,,2017
1343,"14 - 225-0008-001-0E ()",1024,"Qingdao Haier Biomedical Co., Ltd","225-0008-001-0E",,,2022
1344,"14 -  ()",1024,"Berlinger & Co. AG",,,,2023
2234,"3 - MK304 ()",1042,"Vestfrost","MK304",,,2010
2430,"3 - VLS 054 SDD (20154728246)",1116,"Vestfrost Solutions","VLS 054 SDD","20154728246",,2017
2442,"3 - TCW 40 SDD ()",1117,"B Medical Systems Sarl (Dometic)","TCW 40 SDD",,,2017
2444,"3 - TCW 40 SDD ()",1118,"B Medical Systems Sarl (Dometic)","TCW 40 SDD",,,2018
2445,"3 - TCW 40 SDD (5283942)",1119,"B Medical Systems Sarl (Dometic)","TCW 40 SDD","5283942",,2017
2446,"3 - RCW 50 EG/CF ()",1120,"Electrolux","RCW 50 EG/CF",,,2005
2447,"3 - VLS 056 RF SDD (20194635005)",1121,"Vestfrost Solutions","VLS 056 RF SDD","20194635005",,2020
2448,"3 - VLS 056 RF SDD (20194130659)",1123,"Vestfrost Solutions","VLS 056 RF SDD","20194130659",,2020
2697,"3 - TCW 40 SDD (1032659)",1124,"B Medical Systems Sarl (Dometic)","TCW 40 SDD","1032659",,2021
2698,"3 - VLS 064 RF (2022827741)",1125,"Vestfrost","VLS 064 RF","2022827741",,2023
2721,"3 - VLS 064 RF (20210921187)",1128,"Vestfrost","VLS 064 RF","20210921187",,2023
2729,"3 - VLS 154 SDD Greenline (20204319993)",1129,"Vestfrost Solutions","VLS 154 SDD Greenline","20204319993",,2022
2699,"3 - TCW 40 SDD (1032658)",1131,"B Medical Systems Sarl (Dometic)","TCW 40 SDD","1032658",,2021
2548,"3 - TCW 40 SDD (1032674)",1135,"B Medical Systems Sarl (Dometic)","TCW 40 SDD","1032674",,2022
2549,"7 - BDW-131 chest freezer (BDW 131)",1135,"Intergrity","BDW-131 chest freezer","BDW 131",,2019
2550,"9 -  ()",1135,"AOV International",,,,
2551,"9 -  ()",1135,"AOV International",,,,
2552,"9 -  ()",1135,"AOV International",,,,
2553,"9 -  ()",1135,"AOV International",,,,
2554,"9 -  ()",1135,"AOV International",,,,
2556,"9 -  ()",1135,"AOV International",,,,
2557,"9 -  ()",1135,"AOV International",,,,
2558,"9 -  ()",1135,"AOV International",,,,
2560,"9 -  ()",1135,"AOV International",,,,
2732,"3 - TCW 40 SDD (8163495)",1137,"B Medical Systems Sarl (Dometic)","TCW 40 SDD","8163495",,2018
2720,"3 - TCW 40 SDD (20220625547)",1139,"B Medical Systems Sarl (Dometic)","TCW 40 SDD","20220625547",,2017
2719,"3 - TCW 40 SDD (102696)",1140,"B Medical Systems Sarl (Dometic)","TCW 40 SDD","102696",,2021
2734,"3 - TCW 40 SDD (8163493)",1141,"B Medical Systems Sarl (Dometic)","TCW 40 SDD","8163493",,2019
2543,"5 - Mk074 (94813187)",1142,"Vestfrost","Mk074","94813187",,2022
2545,"16 - Bluebird BB 111 ()",1142,"Others","Bluebird BB 111",,,2023
2547,"9 -  ()",1142,"Blow Kings",,,,
2581,"8 - RCB444LA (RCB 444LA)",1142,"Blow Kings","RCB444LA","RCB 444LA",,
2582,"8 - RCB444LA (RCB 444LA)",1142,"Blow Kings","RCB444LA","RCB 444LA",,
2584,"3 - VLS 064A RF AC (20214504379)",1142,"Vestfrost","VLS 064A RF AC","20214504379",,2023
2573,"3 - VLS 404A AC (20230200420)",1143,"Vestfrost Solutions","VLS 404A AC","20230200420",,2024
2574,"3 - GVR 50 DC ()",1144,"Godrej & Boyce MFG. Co. Ltd.","GVR 50 DC",,,2022
2629,"3 - MK074 (130209)",1148,"Vestfrost","MK074","130209",,2020
2686,"3 - VLS 064 RF (20194736893)",1149,"Vestfrost","VLS 064 RF","20194736893",,2021
2605,"3 - VLS 054 SDD (20154728259)",1151,"Vestfrost Solutions","VLS 054 SDD","20154728259",,2017
2688,"3 - VLS 064 RF (20220827780)",1151,"Vestfrost","VLS 064 RF","20220827780",,2023
2689,"3 - VLS 064 RF (20210921227)",1152,"Vestfrost","VLS 064 RF","20210921227",,2021
2607,"3 - MK074 ()",1153,"Vestfrost","MK074",,,2010
2690,"3 - VLS 064 RF (20210921198)",1153,"Vestfrost","VLS 064 RF","20210921198",,2021
2733,"3 - VLS 056 RF SDD ()",1155,"Vestfrost Solutions","VLS 056 RF SDD",,,2021
2731,"3 - VLS 056 RF SDD ()",1156,"Vestfrost Solutions","VLS 056 RF SDD",,,2021
2741,"3 - VLS 056 RF SDD (20194736354)",1159,"Vestfrost Solutions","VLS 056 RF SDD","20194736354",,2023
2743,"3 - VLS 054 SDD Greenline (20154728260)",1160,"Vestfrost Solutions","VLS 054 SDD Greenline","20154728260",,2017
2744,"3 - VLS 056 RF SDD (20220625553)",1161,"Vestfrost Solutions","VLS 056 RF SDD","20220625553",,2023
2745,"3 - VLS 056 RF SDD (20194736356)",1162,"Vestfrost Solutions","VLS 056 RF SDD","20194736356",,2021
2691,"3 - VLS 064 RF (20210921204)",1166,"Vestfrost","VLS 064 RF","20210921204",,2022
2692,"3 - VLS 064 RF (20210921204)",1167,"Vestfrost","VLS 064 RF","20210921204",,2021
2693,"3 - MK 304 (20120183823)",1168,"Vestfrost","MK 304","20120183823",,2012
2694,"3 - VLS 064 RF (20210921203)",1169,"Vestfrost","VLS 064 RF","20210921203",,2021
2696,"3 - VLS 064 RF (20210921197)",1171,"Vestfrost","VLS 064 RF","20210921197",,2021
2608,"3 - VLS 056 RF SDD (20194534018)",1172,"Vestfrost Solutions","VLS 056 RF SDD","20194534018",,2021
2746,"3 - VLS 054A SDD Greenline (20154728229)",1173,"Vestfrost Solutions","VLS 054A SDD Greenline","20154728229",,2017
2358,"9 -  ()",532,"Blow Kings",,,,
2427,"3 - VLS 054 SDD Greenline (20154728243)",1115,"Vestfrost Solutions","VLS 054 SDD Greenline","20154728243",,2017
2707,"3 - TCW 40 SDD (8482299)",1179,"B Medical Systems Sarl (Dometic)","TCW 40 SDD","8482299",,2021
2708,"3 - TCW 40 SDD (1032672)",1180,"B Medical Systems Sarl (Dometic)","TCW 40 SDD","1032672",,2018
2710,"3 - VLS 056 RF SDD (20194432825)",1182,"Vestfrost Solutions","VLS 056 RF SDD","20194432825",,2021
2711,"3 - TCW 40 SDD ()",1183,"B Medical Systems Sarl (Dometic)","TCW 40 SDD",,,2018
2712,"3 - VLS 056 RF SDD (20220625557)",1183,"Vestfrost Solutions","VLS 056 RF SDD","20220625557",,2023
2713,"3 - TCW 40 SDD (1032667)",1185,"B Medical Systems Sarl (Dometic)","TCW 40 SDD","1032667",,2021
2715,"3 - VLS 054 SDD Greenline (20154728190)",1186,"Vestfrost Solutions","VLS 054 SDD Greenline","20154728190",,2017
2716,"3 - VLS 056 RF SDD (20194635025)",1188,"Vestfrost Solutions","VLS 056 RF SDD","20194635025",,2021
2717,"3 - VLS 056 RF SDD (20194736363)",1189,"Vestfrost Solutions","VLS 056 RF SDD","20194736363",,2021
2736,"3 - VLS 056 RF SDD (20194736351)",1190,"Vestfrost Solutions","VLS 056 RF SDD","20194736351",,2021
2735,"3 - TCW 40 SDD (1032691)",1191,"B Medical Systems Sarl (Dometic)","TCW 40 SDD","1032691",,2022
2740,"3 - VLS 056 RF SDD (20220625565)",1193,"Vestfrost Solutions","VLS 056 RF SDD","20220625565",,2023
2737,"3 - TCW 40 SDD (1032675)",1194,"B Medical Systems Sarl (Dometic)","TCW 40 SDD","1032675",,2022
2739,"3 - VLS 054A SDD Greenline (20154728232)",1195,"Vestfrost Solutions","VLS 054A SDD Greenline","20154728232",,2017
2610,"3 - RCW 50 EG/CF (130102)",1199,"Electrolux","RCW 50 EG/CF","130102",,2005
2611,"3 - MKS 044 (20180566829)",1199,"Vestfrost","MKS 044","20180566829",,2021
2613,"3 - VLS 056 RF SDD ()",1200,"Vestfrost Solutions","VLS 056 RF SDD",,,2018
2614,"3 - VLS 056 RF SDD (20194634976)",1200,"Vestfrost Solutions","VLS 056 RF SDD","20194634976",,2021
2615,"3 - RCW 50 EG/CF (130103)",1200,"Electrolux","RCW 50 EG/CF","130103",,2005
2617,"3 - VLS 054 SDD Greenline (130104)",1201,"Vestfrost Solutions","VLS 054 SDD Greenline","130104",,2018
2618,"3 - MKS 044 (103105)",1202,"Vestfrost","MKS 044","103105",,2021
2619,"3 - MKS 044 (20180566847)",1202,"Vestfrost","MKS 044","20180566847",,2021
2620,"3 - VLS 400A Greenline (130106)",1203,"Vestfrost Solutions","VLS 400A Greenline","130106",,2020
2623,"7 - Westpoint ()",1203,"Westpoint","Westpoint",,,2016
2624,"3 - VLS 056 RF SDD ()",1204,"Vestfrost Solutions","VLS 056 RF SDD",,,2020
2625,"3 - MKS 044 ()",1205,"Vestfrost","MKS 044",,,2021
2626,"3 - VLS 404A AC ()",1205,"Vestfrost Solutions","VLS 404A AC",,,2021
2631,"3 - VLS 350A Greenline (20174650443)",1206,"Vestfrost Solutions","VLS 350A Greenline","20174650443",,2020
2632,"3 - VLS 064 RF (20220827729)",1206,"Vestfrost","VLS 064 RF","20220827729",,2023
2634,"3 - VLS 400A Greenline (20181707999)",1207,"Vestfrost Solutions","VLS 400A Greenline","20181707999",,2022
2635,"3 - VLS 064 RF (20220827773)",1208,"Vestfrost","VLS 064 RF","20220827773",,2017
2636,"3 - VLS 350A Greenline (20174650472)",1208,"Vestfrost Solutions","VLS 350A Greenline","20174650472",,2020
2638,"3 - VLS 064 RF (130205)",1209,"Vestfrost","VLS 064 RF","130205",,2022
2639,"3 - VLS 504A AC (202210818786)",1209,"Vestfrost Solutions","VLS 504A AC","202210818786",,2022
2641,"3 - VLS 056 RF SDD (20220625549)",1210,"Vestfrost Solutions","VLS 056 RF SDD","20220625549",,2023
2642,"3 - VLS 404A AC (20194736925)",1211,"Vestfrost Solutions","VLS 404A AC","20194736925",,2021
2644,"3 - VLS 056 RF SDD (130208)",1212,"Vestfrost Solutions","VLS 056 RF SDD","130208",,2022
2645,"3 - VLS 064 RF (20210921179)",1212,"Vestfrost","VLS 064 RF","20210921179",,2022
2646,"3 - VLS 056 RF SDD ()",1213,"Vestfrost Solutions","VLS 056 RF SDD",,,2022
2648,"3 - VLS 054 SDD Greenline (20174651508)",1214,"Vestfrost Solutions","VLS 054 SDD Greenline","20174651508",,2021
2649,"3 - VLS 056 RF SDD (130302)",1215,"Vestfrost Solutions","VLS 056 RF SDD","130302",,2020
2650,"3 - VLS 054 SDD Greenline (130302)",1215,"Vestfrost Solutions","VLS 054 SDD Greenline","130302",,2022
2651,"3 - VLS 054 SDD Greenline ()",1216,"Vestfrost Solutions","VLS 054 SDD Greenline",,,2017
2653,"3 - TCW 2043 SDD (5463628)",1218,"B Medical Systems Sarl (Dometic)","TCW 2043 SDD","5463628",,2018
2654,"3 - VLS 054 SDD Greenline (20154728233)",1219,"Vestfrost Solutions","VLS 054 SDD Greenline","20154728233",,2017
2655,"3 - VLS 056 RF SDD (130308)",1220,"Vestfrost Solutions","VLS 056 RF SDD","130308",,2020
2659,"3 - MKS 044 (1032593)",1222,"Vestfrost","MKS 044","1032593",,2018
2661,"3 - VLS 054 SDD Greenline (20154728254)",1224,"Vestfrost Solutions","VLS 054 SDD Greenline","20154728254",,2021
2662,"3 - VLS 056 RF SDD (20220625542)",1224,"Vestfrost Solutions","VLS 056 RF SDD","20220625542",,2023
2663,"3 - VLS 054 SDD Greenline (20174651533)",1225,"Vestfrost Solutions","VLS 054 SDD Greenline","20174651533",,2018
2664,"3 - VLS 054 SDD Greenline ()",1226,"Vestfrost Solutions","VLS 054 SDD Greenline",,,2020
2665,"3 - VLS 056 RF SDD (20220625559)",1227,"Vestfrost Solutions","VLS 056 RF SDD","20220625559",,2023
2362,"9 -  ()",532,"Blow Kings",,,,
2747,"3 - RCW 50 EG/CF ()",1176,"Electrolux","RCW 50 EG/CF",,,2021
2670,"3 - VLS 056 RF SDD ()",1231,"Vestfrost Solutions","VLS 056 RF SDD",,,2022
2671,"3 - VLS 056 RF SDD (20194634985)",1232,"Vestfrost Solutions","VLS 056 RF SDD","20194634985",,2020
2672,"3 - TCW 40 SDD (1032596)",1233,"B Medical Systems Sarl (Dometic)","TCW 40 SDD","1032596",,2021
2674,"3 - VLS 056 RF SDD (20194130657)",1235,"Vestfrost Solutions","VLS 056 RF SDD","20194130657",,2020
2677,"3 - VLS 054 SDD Greenline (130601)",1236,"Vestfrost Solutions","VLS 054 SDD Greenline","130601",,2017
2678,"3 - VLS 056 RF SDD (20220625562)",1236,"Vestfrost Solutions","VLS 056 RF SDD","20220625562",,2022
2679,"3 - MK074 (130602)",1237,"Vestfrost","MK074","130602",,2018
2680,"3 - TCW 2043 SDD ()",1238,"B Medical Systems Sarl (Dometic)","TCW 2043 SDD",,,2018
2683,"3 - MK304 ()",1239,"Vestfrost","MK304",,,2021
2684,"3 - VLS 056 RF SDD (20194634987)",1241,"Vestfrost Solutions","VLS 056 RF SDD","20194634987",,2020
2685,"3 - MK 304 ()",1242,"Vestfrost","MK 304",,,2010
2627,"3 - TCW 40 SDD (130101)",1244,"B Medical Systems Sarl (Dometic)","TCW 40 SDD","130101",,2018
2640,"3 - VLS 064 RF ()",1245,"Vestfrost","VLS 064 RF",,,2022
2656,"3 - VLS 056 RF SDD (130304)",1246,"Vestfrost Solutions","VLS 056 RF SDD","130304",,2020
2675,"3 - TCW 40 SDD ()",1247,"B Medical Systems Sarl (Dometic)","TCW 40 SDD",,,2020
2676,"3 - TCW 40 SDD ()",1247,"B Medical Systems Sarl (Dometic)","TCW 40 SDD",,,2020
2687,"3 - VLS 064 RF (20210921180)",1248,"Vestfrost","VLS 064 RF","20210921180",,2021
2703,"3 - TCW 40 SDD (1032663)",1251,"B Medical Systems Sarl (Dometic)","TCW 40 SDD","1032663",,2022
2704,"3 - TCW 40 SDD (8432270)",1253,"B Medical Systems Sarl (Dometic)","TCW 40 SDD","8432270",,2018
2755,"3 - TCW 2043 (5463621)",1255,"B Medical Systems Sarl (Dometic)","TCW 2043","5463621",,2017
2757,"3 - VLS 054 SDD Greenline (20154728194)",1258,"Vestfrost Solutions","VLS 054 SDD Greenline","20154728194",,2016
2827,"5 - VLS 056 RF SDD (20242501108)",1258,"Vestfrost Solutions","VLS 056 RF SDD","20242501108",,2025
2831,"5 - VLS 056 RF SDD (20242801108)",1258,"Vestfrost Solutions","VLS 056 RF SDD","20242801108",,2025
2758,"3 - VLS 064 RF AC (20210921255)",1259,"Vestfrost Solutions","VLS 064 RF AC","20210921255",,2021
2760,"5 - VLS 056 RF SDD (20211123434)",1259,"Vestfrost Solutions","VLS 056 RF SDD","20211123434",,2021
2761,"5 - VLS 056 RF SDD (20234722758)",1260,"Vestfrost Solutions","VLS 056 RF SDD","20234722758",,2024
2762,"3 - VLS 064 RF AC (20210921221)",1261,"Vestfrost Solutions","VLS 064 RF AC","20210921221",,2021
2763,"5 - VLS 056 RF SDD (20240329793)",1261,"Vestfrost Solutions","VLS 056 RF SDD","20240329793",,2024
2764,"3 - MK 074 (??????)",1262,"Vestfrost","MK 074","??????",,2017
2766,"3 - MK 074 ()",1264,"Vestfrost","MK 074",,,2017
2767,"5 - VLS 064 RF AC (20210921240)",1264,"Vestfrost Solutions","VLS 064 RF AC","20210921240",,2021
2768,"3 - VLS 064 RF AC (20210921215)",1265,"Vestfrost Solutions","VLS 064 RF AC","20210921215",,2021
2769,"5 - TCW 2000 SDD (6293974)",1266,"B Medical Systems Sarl (Dometic)","TCW 2000 SDD","6293974",,2016
2771,"5 - VLS 064 RF AC (20220827770)",1267,"Vestfrost Solutions","VLS 064 RF AC","20220827770",,2023
2772,"5 - VLS 056 RF SDD (20234722755)",1267,"Vestfrost Solutions","VLS 056 RF SDD","20234722755",,2024
2773,"5 - VLS 056 RF SDD (20211123431)",1268,"Vestfrost Solutions","VLS 056 RF SDD","20211123431",,2021
2774,"5 - VLS 056 RF SDD (20211123437)",1269,"Vestfrost Solutions","VLS 056 RF SDD","20211123437",,2021
2787,"3 - NRC 30 - 10 (10112)",1270,"Norcoast","NRC 30 - 10","10112",,2002
2779,"4 - MF 314 (??????)",1271,"Vestfrost Solutions","MF 314","??????",,2008
2780,"3 - MK 304 (????)",1271,"Vestfrost","MK 304","????",,2008
2781,"3 - MK 304 (????)",1271,"Vestfrost","MK 304","????",,2008
2782,"3 - MK 304 (????)",1271,"Vestfrost","MK 304","????",,2008
2784,"3 - VLS 400A Greenline (20194736880)",1271,"Vestfrost Solutions","VLS 400A Greenline","20194736880",,2021
2777,"3 - TCW 3000 SDD (5343618)",1272,"B Medical Systems Sarl (Dometic)","TCW 3000 SDD","5343618",,2018
2785,"3 - VLS 064 RF AC (20210921244)",1272,"Vestfrost Solutions","VLS 064 RF AC","20210921244",,2021
2786,"3 - VLS 054 SDD Greenline (20174651541)",1273,"Vestfrost","VLS 054 SDD Greenline","20174651541",,2018
2789,"3 - MK 074 (Nil)",1276,"Vestfrost","MK 074","Nil",,2008
2790,"5 - VLS 056 RF SDD (20194534651)",1277,"Vestfrost Solutions","VLS 056 RF SDD","20194534651",,2021
2791,"5 - VLS 056 RF SDD (20194534639)",1278,"Vestfrost Solutions","VLS 056 RF SDD","20194534639",,2021
2792,"5 - VLS 056 RF SDD (20194636006)",1279,"Vestfrost Solutions","VLS 056 RF SDD","20194636006",,2021
2794,"5 - VLS 056 RF SDD (20194130646)",1283,"Vestfrost Solutions","VLS 056 RF SDD","20194130646",,2021
2795,"5 - TCW 40 SDD (1032555)",1284,"B Medical Systems Sarl (Dometic)","TCW 40 SDD","1032555",,2022
2796,"3 - VLS 054 SDD Greenline (?????)",1285,"Vestfrost","VLS 054 SDD Greenline","?????",,2018
839,"11 -  ()",673,,,,,
2669,"3 - VLS 054A SDD Greenline (20194634991)",1230,"Vestfrost Solutions","VLS 054A SDD Greenline","20194634991",,2021
2847,"5 - TCW 40 ()",1304,"B Medical Systems Sarl (Dometic)","TCW 40",,,2017
2861,"3 - VLS 064 ()",1322,"Vestfrost","VLS 064",,,2022
2862,"4 - MF 314 ()",1323,"Vestfrost","MF 314",,,2020
2863,"5 - VLS 056 ()",1324,"Vestfrost Solutions","VLS 056",,,2020
2865,"5 - VLS 056 ()",1377,"Vestfrost","VLS 056",,,2022
2830,"3 - VLS 064 RF AC (20240125358)",1287,"Vestfrost Solutions","VLS 064 RF AC","20240125358",,2025
2838,"5 - VLS 056 ()",1309,"Vestfrost Solutions","VLS 056",,,2017
2824,"5 - VLS 056 ()",1299,"Vestfrost Solutions","VLS 056",,,2020
2833,"5 - VLS056 ()",1306,"Vestfrost Solutions","VLS056",,,2019
2846,"3 - VLS 064 RF AC (20240125358)",1287,"Vestfrost Solutions","VLS 064 RF AC","20240125358",,2025
2800,"5 - TCW 40 SDD (1032578)",1288,"B Medical Systems Sarl (Dometic)","TCW 40 SDD","1032578",,2022
2801,"5 - TCW 40 SDD (1032549)",1289,"B Medical Systems Sarl (Dometic)","TCW 40 SDD","1032549",,2021
2802,"5 - VLS 056 RF SDD (??????)",1289,"Vestfrost Solutions","VLS 056 RF SDD","??????",,2020
2819,"3 - VLS 056 ()",1295,"Vestfrost Solutions","VLS 056",,,2020
2821,"3 - TCW 40 ()",1296,"B Medical Systems Sarl (Dometic)","TCW 40",,,2017
2822,"3 - VLS 056 ()",1297,"Vestfrost Solutions","VLS 056",,,2020
2879,"5 - VLS 056 RF SDD (20242602429)",1388,"Vestfrost Solutions","VLS 056 RF SDD","20242602429",,2025
2834,"5 - VLS 056 ()",1307,"Vestfrost Solutions","VLS 056",,,2017
2836,"5 - VLS 056 ()",1308,"Vestfrost Solutions","VLS 056",,,2017
2869,"5 - VLS 056 ()",1354,"Vestfrost Solutions","VLS 056",,,2020
2826,"5 - vls 056 ()",1300,"Vestfrost Solutions","vls 056",,,2020
2842,"5 - TCW 40 ()",1301,"B Medical Systems Sarl (Dometic)","TCW 40",,,2018
2845,"5 - VLS 056 ()",1303,"Vestfrost Solutions","VLS 056",,,2020
2839,"5 - VLS 056 ()",1309,"Vestfrost Solutions","VLS 056",,,2017
2840,"3 - VLS 054 ()",1310,"Vestfrost Solutions","VLS 054",,,2020
2848,"5 - VLS 054 ()",1311,"Vestfrost Solutions","VLS 054",,,2020
2850,"4 - MF314 ()",1313,"Vestfrost","MF314",,,2017
2851,"4 - MK304 ()",1313,"Vestfrost","MK304",,,2017
2852,"5 - TCW 40 ()",1314,"B Medical Systems Sarl (Dometic)","TCW 40",,,2018
2854,"5 - TCW 40 ()",1316,"B Medical Systems Sarl (Dometic)","TCW 40",,,2017
2856,"5 - TCW 40 ()",1317,"B Medical Systems Sarl (Dometic)","TCW 40",,,2017
2857,"4 - MF 314 ()",1318,"Vestfrost","MF 314",,,2020
2858,"4 - MF 314 ()",1318,"Vestfrost","MF 314",,,2020
2860,"5 - VLS 054 ()",1320,"Vestfrost Solutions","VLS 054",,,2017
2864,"5 - VLS 056 ()",1326,"Vestfrost Solutions","VLS 056",,,2020
2867,"5 - TCW 40 ()",1350,"B Medical Systems Sarl (Dometic)","TCW 40",,,2017
2868,"5 - VLS 056 ()",1353,"Vestfrost Solutions","VLS 056",,,2020
2799,"3 - MK 144 (?????)",1287,"Vestfrost","MK 144","?????",,2018
2882,"8 - RCW 25 ()",1389,"B Medical Systems Sarl ","RCW 25",,,
2883,"9 -  ()",1389,"Blow Kings",,,,
2870,"5 - VLS 056 ()",1355,"Vestfrost Solutions","VLS 056",,,2020
2872,"3 - VLS 056 ()",1357,"Vestfrost Solutions","VLS 056",,,2020
2873,"3 - VLS 056 ()",1358,"Vestfrost Solutions","VLS 056",,,2020
2874,"5 - TCW 2043 ()",1359,"B Medical Systems Sarl (Dometic)","TCW 2043",,,2017
2875,"3 - VLS 056 ()",1360,"Vestfrost Solutions","VLS 056",,,2020
2820,"3 - TCW 40 ()",1373,"B Medical Systems Sarl (Dometic)","TCW 40",,,2021
2829,"5 - VLS 056 RF SDD (20242602426)",1374,"Vestfrost Solutions","VLS 056 RF SDD","20242602426",,2025
2841,"5 - VLS 056 ()",1376,"Vestfrost Solutions","VLS 056",,,2020
2798,"3 - MK 074 (??????)",1286,"Vestfrost","MK 074","??????",,2012
2866,"3 - VLS 064 ()",1378,"Vestfrost","VLS 064",,,2022
2881,"5 - VLS 056 RF SD (20242602434)",1285,"Vestfrost Solutions","VLS 056 RF SD","20242602434",,2025
2878,"5 - VLS 056 RF SDD (20240742780)",1291,"Vestfrost Solutions","VLS 056 RF SDD","20240742780",,2025
2885,"9 -  ()",1389,"Blow Kings",,,,
2886,"9 -  ()",1389,"Blow Kings",,,,
2887,"9 -  ()",1389,"Blow Kings",,,,
2889,"9 -  ()",1389,"Blow Kings",,,,
843,"11 -  ()",673,,,,,
2803,"3 - VLS 054 SDD Greenline (??????)",1291,"Vestfrost","VLS 054 SDD Greenline","??????",,2017
2818,"3 - TCW 40 ()",1293,"B Medical Systems Sarl (Dometic)","TCW 40",,,2018
1003,"4 - MF 314 ()",103,"Vestfrost","MF 314",,,2006
28,"3 - VLS 350A Greenline (NA)",26,"Vestfrost Solutions","VLS 350A Greenline","NA",,2018
1004,"3 - VLS 400A Greenline ()",81,"Vestfrost Solutions","VLS 400A Greenline",,,2020
15,"3 - VLS 350A Greenline (NA)",4,"Vestfrost Solutions","VLS 350A Greenline","NA",,2018
12,"3 - VLS 054 SDD Greenline (NA)",7,"Vestfrost Solutions","VLS 054 SDD Greenline","NA",,2018
1071,"3 - VLS 400A AC (20200952956)",58,"Vestfrost Solutions","VLS 400A AC","20200952956",,2023
2561,"3 - VLS 400A AC (20230200431)",58,"Vestfrost Solutions","VLS 400A AC","20230200431",,2024
166,"3 - MK074 (NIL)",134,"Vestfrost","MK074","NIL",,2008
2567,"4 - MF 314 (20230200396)",58,"Vestfrost Solutions","MF 314","20230200396",,2024
57,"5 - TCW 40 SDD (1032539)",31,"B Medical Systems Sarl (Dometic)","TCW 40 SDD","1032539",,2022
2075,"3 - TCW 40 SDD ()",128,"B Medical Systems Sarl (Dometic)","TCW 40 SDD",,,2021
315,"3 - VLS 400A Greenline ()",145,"Vestfrost Solutions","VLS 400A Greenline",,,2021
1428,"3 - VLS 400 Greenline (2020095294E+10)",116,"Vestfrost","VLS 400 Greenline","2020095294E+10",,2021
320,"3 - VLS 400A Greenline ()",145,"Vestfrost Solutions","VLS 400A Greenline",,,2021
2071,"3 - TCW 40 SDD ()",131,"B Medical Systems Sarl (Dometic)","TCW 40 SDD",,,2021
2077,"3 - TCW 40 SDD ()",133,"B Medical Systems Sarl (Dometic)","TCW 40 SDD",,,2021
22,"5 - VLS 056 RF SDD (20194432838)",53,"Vestfrost Solutions","VLS 056 RF SDD","20194432838",,2021
1433,"4 - MF 314 (2019443227E+10)",116,"Vestfrost","MF 314","2019443227E+10",,2021
1439,"13 - BC441 ()",116,"Beyond Wireless Technology (Pty) Ltd","BC441",,,2023
1443,"14 -  ()",116,"Berlinger & Co. AG",,,,2023
1447,"14 -  ()",116,"Berlinger & Co. AG",,,,2023
1451,"14 -  ()",116,"Berlinger & Co. AG",,,,2023
1456,"16 -  ()",116,"Others",,,,2023
1460,"16 -  ()",116,"Others",,,,2023
1667,"4 - MF 314 ()",116,"Vestfrost","MF 314",,,2021
2414,"3 - VLS 056 RF SDD ()",121,"Vestfrost Solutions","VLS 056 RF SDD",,,2021
2033,"5 - TCW 40 SDD ()",124,"B Medical Systems Sarl (Dometic)","TCW 40 SDD",,,2021
2010,"5 - VLS 056 RF SDD ()",154,"Vestfrost Solutions","VLS 056 RF SDD",,,2021
2017,"3 - VLS 054 SDD Greenline ()",156,"Vestfrost Solutions","VLS 054 SDD Greenline",,,2018
336,"3 - VLS 054 SDD Greenline ()",145,"Vestfrost Solutions","VLS 054 SDD Greenline",,,2018
2006,"3 - VLS 400A Greenline ()",163,"Vestfrost Solutions","VLS 400A Greenline",,,2021
176,"3 - TCW 40 SDD ()",134,"B Medical Systems Sarl (Dometic)","TCW 40 SDD",,,2021
200,"3 - TCW 40 SDD (1032668)",134,"B Medical Systems Sarl (Dometic)","TCW 40 SDD","1032668",,2021
1581,"3 - MK074 ()",137,"Vestfrost","MK074",,,2008
1583,"5 - TCW 40 SDD (1032715)",138,"B Medical Systems Sarl (Dometic)","TCW 40 SDD","1032715",,2021
1587,"5 - TCW 40 SDD (1032668)",142,"B Medical Systems Sarl (Dometic)","TCW 40 SDD","1032668",,2021
300,"3 - VLS 064 RF ()",162,"Vestfrost","VLS 064 RF",,,2023
341,"3 - TCW 40 SDD ()",145,"B Medical Systems Sarl (Dometic)","TCW 40 SDD",,,2021
348,"3 - MF 314 ()",145,"Vestfrost","MF 314",,,2004
351,"3 - VLS 054 SDD Greenline ()",145,"Vestfrost Solutions","VLS 054 SDD Greenline",,,2018
2038,"3 - VLS 400A Greenline ()",147,"Vestfrost Solutions","VLS 400A Greenline",,,2021
2043,"3 - VLS 400A Greenline ()",147,"Vestfrost Solutions","VLS 400A Greenline",,,2021
2049,"4 - MF314 ()",147,"Vestfrost","MF314",,,2022
2052,"3 - VLS 350A Greenline ()",147,"Vestfrost Solutions","VLS 350A Greenline",,,2018
2059,"5 - TCW 40 SDD ()",148,"B Medical Systems Sarl (Dometic)","TCW 40 SDD",,,2021
2057,"3 - VLS 054 SDD Greenline ()",149,"Vestfrost Solutions","VLS 054 SDD Greenline",,,2018
33,"3 - VLS 054 SDD Greenline (201547282006)",16,"Vestfrost Solutions","VLS 054 SDD Greenline","201547282006",,2017
306,"3 - VLS 054 SDD Greenline ()",162,"Vestfrost Solutions","VLS 054 SDD Greenline",,,2017
51,"5 - VLS 056 RF SDD (20194432842)",21,"Vestfrost Solutions","VLS 056 RF SDD","20194432842",,2021
16,"5 - TCW 2043 SDD (5463611)",10,"B Medical Systems Sarl (Dometic)","TCW 2043 SDD","5463611",,2018
154,"3 - VLS 400A Greenline (20201054597)",167,"Vestfrost Solutions","VLS 400A Greenline","20201054597",,2021
1942,"3 - VLS 054 SDD Greenline ()",169,"Vestfrost Solutions","VLS 054 SDD Greenline",,,2017
193,"3 - MK 144 (Not available)",172,"Vestfrost","MK 144","Not available",,2012
430,"3 - VLS 064 RF (2022827754)",177,"Vestfrost","VLS 064 RF","2022827754",,2023
435,"5 - VLS 056 RF SDD (20194534023)",188,"Vestfrost Solutions","VLS 056 RF SDD","20194534023",,2021
454,"5 - VLS 056 RF SDD (20194130652)",191,"Vestfrost Solutions","VLS 056 RF SDD","20194130652",,2021
443,"3 - VLS 054 SDD Greenline (20154728255)",192,"Vestfrost Solutions","VLS 054 SDD Greenline","20154728255",,2017
449,"3 - VLS 054 SDD Greenline (20154728196)",196,"Vestfrost Solutions","VLS 054 SDD Greenline","20154728196",,2017
460,"3 - VLS 400A Greenline (20201054634)",200,"Vestfrost Solutions","VLS 400A Greenline","20201054634",,2021
434,"5 - VLS 056 RF SDD (20194130644)",206,"Vestfrost Solutions","VLS 056 RF SDD","20194130644",,2021
66,"3 - VLS 404A Greenline (20200952951)",208,"Vestfrost Solutions","VLS 404A Greenline","20200952951",,2020
288,"3 - VLS 350A Greenline (20174050447)",208,"Vestfrost Solutions","VLS 350A Greenline","20174050447",,2018
1150,"16 - SVSO4-22 ()",208,"Savetec","SVSO4-22",,,2021
1017,"3 - VLS 400A GreenLine (20200952931)",272,"Vestfrost Solutions","VLS 400A GreenLine","20200952931",,2021
1022,"3 - VLS 400A GreenLine (20194736909)",272,"Vestfrost Solutions","VLS 400A GreenLine","20194736909",,2021
2421,"5 - VLS 056 RF SDD ()",273,"Vestfrost Solutions","VLS 056 RF SDD",,,2021
1043,"5 - VLS 056 RF SDD (20194534019)",277,"Vestfrost Solutions","VLS 056 RF SDD","20194534019",,2021
2432,"3 - MK074 ()",283,"Vestfrost","MK074",,,2010
2436,"5 - VLS 056 RF SDD ()",283,"Vestfrost Solutions","VLS 056 RF SDD",,,2021
1057,"3 - TCW 40 SDD (8432315)",287,"B Medical Systems Sarl (Dometic)","TCW 40 SDD","8432315",,2019
2441,"3 - VLS 056 RF SDD ()",288,"Vestfrost Solutions","VLS 056 RF SDD",,,2023
1092,"3 - VLS 056 RF SDD (20194534016)",294,"Vestfrost Solutions","VLS 056 RF SDD","20194534016",,2021
1125,"3 - RCW 42 EG/CF ()",301,"Electrolux","RCW 42 EG/CF",,,2002
1124,"3 - VLS 054 SDD (20154728271)",305,"Vestfrost Solutions","VLS 054 SDD","20154728271",,2016
1133,"3 - TCW 40 SDD (1032681)",306,"B Medical Systems Sarl (Dometic)","TCW 40 SDD","1032681",,2021
1131,"5 - TCW 40 SDD (1032644)",309,"B Medical Systems Sarl (Dometic)","TCW 40 SDD","1032644",,2021
1142,"5 - TCW 40 SDD (1032694)",315,"B Medical Systems Sarl (Dometic)","TCW 40 SDD","1032694",,2021
1148,"3 - VLS 054 SDD (20154728202)",321,"Vestfrost Solutions","VLS 054 SDD","20154728202",,2016
1468,"3 - VLS 404A Greenline (20201054594)",329,"Vestfrost Solutions","VLS 404A Greenline","20201054594",,2021
1597,"3 - VLS 056 RF SDD ()",330,"Vestfrost Solutions","VLS 056 RF SDD",,,2021
1599,"3 - VLS 056 RF SDD ()",334,"Vestfrost Solutions","VLS 056 RF SDD",,,2021
355,"3 - TCW 2000 SDD ()",338,"B Medical Systems Sarl (Dometic)","TCW 2000 SDD",,,2017
360,"3 - CW 50 EG/CF ()",338,"Electrolux","CW 50 EG/CF",,,2005
364,"3 - VLS 056 RF SDD ()",338,"Vestfrost Solutions","VLS 056 RF SDD",,,2021
1606,"5 - TCW 2000 SDD ()",340,"B Medical Systems Sarl (Dometic)","TCW 2000 SDD",,,2017
1608,"5 - VLS 056 RF SDD ()",343,"Vestfrost Solutions","VLS 056 RF SDD",,,2021
366,"3 - TCW 3000 SDD ()",348,"B Medical Systems Sarl (Dometic)","TCW 3000 SDD",,,2017
372,"3 - VLS 064 RF ()",348,"Vestfrost","VLS 064 RF",,,2023
1613,"3 - TCW 3000 SDD ()",349,"B Medical Systems Sarl (Dometic)","TCW 3000 SDD",,,2017
1618,"5 - TCW 40 SDD ()",353,"B Medical Systems Sarl (Dometic)","TCW 40 SDD",,,2019
1623,"3 - VLS 054 SDD Greenline ()",358,"Vestfrost Solutions","VLS 054 SDD Greenline",,,2017
1626,"3 - VLS 064 RF ()",361,"Vestfrost","VLS 064 RF",,,2023
1627,"3 - TCW 3000 SDD ()",362,"B Medical Systems Sarl (Dometic)","TCW 3000 SDD",,,2018
1630,"3 - VLS 400A Greenline ()",366,"Vestfrost Solutions","VLS 400A Greenline",,,2023
1999,"5 - TCW 40 SDD ()",369,"B Medical Systems Sarl (Dometic)","TCW 40 SDD",,,2021
122,"3 - VLS 400A Greenline (20200952934)",377,"Vestfrost Solutions","VLS 400A Greenline","20200952934",,2020
161,"3 - MK 304 (20154421046)",377,"Vestfrost","MK 304","20154421046",,2010
504,"3 - VLS 400A Greenline (20194736956)",378,"Vestfrost Solutions","VLS 400A Greenline","20194736956",,2021
70,"3 - VLS 056 RF SDD (20194432839)",379,"Vestfrost Solutions","VLS 056 RF SDD","20194432839",,2021
2890,"5 - VLS 056 RF SDD (20242400530)",381,"Vestfrost Solutions","VLS 056 RF SDD","20242400530",,2025
614,"3 - Tcw2043 SDD (7502840)",395,"B Medical Systems Sarl (Dometic)","Tcw2043 SDD","7502840",,2018
846,"11 -  ()",673,,,,,
555,"3 - VLS 400A Greenline (20194736912)",166,"Vestfrost Solutions","VLS 400A Greenline","20194736912",,2021
564,"4 - MF 314 (20190461135)",166,"Vestfrost","MF 314","20190461135",,2021
636,"3 - VLS 064 RF ()",404,"Vestfrost","VLS 064 RF",,,2023
639,"3 - TCW 40 SDD ()",404,"B Medical Systems Sarl (Dometic)","TCW 40 SDD",,,2022
644,"3 - TCW 3000 SDD ()",404,"B Medical Systems Sarl (Dometic)","TCW 3000 SDD",,,2017
645,"3 - VLS 064 RF ()",404,"Vestfrost","VLS 064 RF",,,2023
647,"3 - TCW 2000 SDD ()",404,"B Medical Systems Sarl (Dometic)","TCW 2000 SDD",,,2017
652,"3 - TCW 2000 SDD ()",404,"B Medical Systems Sarl (Dometic)","TCW 2000 SDD",,,2017
658,"3 - RCW 50 EG/CF ()",404,"Electrolux","RCW 50 EG/CF",,,2005
663,"3 - VLS 064 RF ()",404,"Vestfrost","VLS 064 RF",,,2023
668,"3 - MK 304 ()",404,"Vestfrost","MK 304",,,2008
671,"3 - VLS 404A AC ()",404,"Vestfrost Solutions","VLS 404A AC",,,2021
1679,"3 - VC-65 F ()",405,"Dulas","VC-65 F",,,2008
1686,"5 - TCW 2000 SDD ()",412,"B Medical Systems Sarl (Dometic)","TCW 2000 SDD",,,2017
1689,"5 - TCW 40 SDD ()",416,"B Medical Systems Sarl (Dometic)","TCW 40 SDD",,,2017
2112,"5 - TCW 40 SDD ()",417,"B Medical Systems Sarl (Dometic)","TCW 40 SDD",,,2017
2118,"3 - VLS 056 RF SDD ()",417,"Vestfrost Solutions","VLS 056 RF SDD",,,2018
2121,"5 - TCW 2000 SDD ()",417,"B Medical Systems Sarl (Dometic)","TCW 2000 SDD",,,2017
1694,"5 - TCW 2000 SDD ()",422,"B Medical Systems Sarl (Dometic)","TCW 2000 SDD",,,2017
1697,"3 - VLS 054 SDD Greenline ()",426,"Vestfrost Solutions","VLS 054 SDD Greenline",,,2018
1701,"5 - TCW 2000 SDD ()",427,"B Medical Systems Sarl (Dometic)","TCW 2000 SDD",,,2017
1703,"5 - TCW 2000 SDD ()",429,"B Medical Systems Sarl (Dometic)","TCW 2000 SDD",,,2017
2126,"3 - VLS 400A Greenline ()",430,"Vestfrost Solutions","VLS 400A Greenline",,,2023
2131,"5 - TCW 2000 SDD ()",430,"B Medical Systems Sarl (Dometic)","TCW 2000 SDD",,,2017
2136,"5 - TCW 40 SDD ()",430,"B Medical Systems Sarl (Dometic)","TCW 40 SDD",,,2022
1704,"5 - TCW 2000 SDD ()",431,"B Medical Systems Sarl (Dometic)","TCW 2000 SDD",,,2017
1708,"5 - TCW 2000 SDD ()",435,"B Medical Systems Sarl (Dometic)","TCW 2000 SDD",,,2017
2168,"3 - TCW 40 SDD ()",440,"B Medical Systems Sarl (Dometic)","TCW 40 SDD",,,2017
218,"3 - VLS 400A Greenline ()",444,"Vestfrost Solutions","VLS 400A Greenline",,,2023
223,"3 - VLS 400A Greenline ()",444,"Vestfrost Solutions","VLS 400A Greenline",,,2020
228,"4 - Non-PQS Icepack freezer, AC electricity ()",444,"Westpoint","Non-PQS Icepack freezer, AC electricity",,,2016
239,"3 - MK074 ()",445,"Vestfrost","MK074",,,2010
939,"3 - RCW 50 EG/CF ()",446,"Electrolux","RCW 50 EG/CF",,,2005
252,"3 - VLS 064 RF (20220827765)",448,"Vestfrost","VLS 064 RF","20220827765",,2023
258,"3 - RCW 42 EG/CF ()",450,"Electrolux","RCW 42 EG/CF",,,2005
248,"5 - TCW 40 SDD ()",454,"B Medical Systems Sarl (Dometic)","TCW 40 SDD",,,2021
932,"3 - VLS 400A Greenline (20201054639)",455,"Vestfrost Solutions","VLS 400A Greenline","20201054639",,2021
986,"5 - VLS 056 RF SDD (20194635015)",458,"Vestfrost Solutions","VLS 056 RF SDD","20194635015",,2021
982,"5 - VLS 056 RF SDD (20194635024)",460,"Vestfrost Solutions","VLS 056 RF SDD","20194635024",,2021
978,"5 - VLS 056 RF SDD (20194331532)",464,"Vestfrost Solutions","VLS 056 RF SDD","20194331532",,2021
935,"3 - VLS 400A Greenline (20200952946)",467,"Vestfrost Solutions","VLS 400A Greenline","20200952946",,2021
944,"3 - RCW 50 EG/CF ()",474,"Electrolux","RCW 50 EG/CF",,,2005
587,"3 - VLS 404A AC (20200952958)",477,"Vestfrost Solutions","VLS 404A AC","20200952958",,2020
595,"3 - VLS 404A AC (20200952930)",477,"Vestfrost Solutions","VLS 404A AC","20200952930",,2020
612,"4 - BDW-423 (20194432292)",477,"Electrolux","BDW-423","20194432292",,2008
2589,"16 - ER-1KS ()",477,"Electrogard","ER-1KS",,,2017
2593,"16 - SOLLATEK ()",477,"Others","SOLLATEK",,,2021
134,"3 - MK 304 (20082144438)",532,"Vestfrost","MK 304","20082144438",,2010
189,"4 - Non-PQS Chest freezer, AC electricity ()",532,"Westpoint","Non-PQS Chest freezer, AC electricity",,,2019
2327,"8 - RCB444LA ()",532,"Nilkamal","RCB444LA",,,
2331,"8 - CB/5/2A ()",532,"Blow Kings","CB/5/2A",,,
2335,"9 -  ()",532,"AOV International",,,,
2338,"9 -  ()",532,"AOV International",,,,
2342,"9 -  ()",532,"AOV International",,,,
2344,"9 -  ()",532,"AOV International",,,,
2348,"9 -  ()",532,"Blow Kings",,,,
2351,"9 -  ()",532,"Blow Kings",,,,
2355,"9 -  ()",532,"Blow Kings",,,,
1672,"3 - VLS 400A Greenline ()",403,"Vestfrost Solutions","VLS 400A Greenline",,,2021
630,"3 - VLS 054 SDD Greenline ()",404,"Vestfrost Solutions","VLS 054 SDD Greenline",,,2017
91,"3 - TCW 40 SDD (5283993)",545,"B Medical Systems Sarl (Dometic)","TCW 40 SDD","5283993",,2018
901,"3 - MK 304 (20154421036)",547,"Vestfrost","MK 304","20154421036",,2017
906,"3 - VLS 400A GreenLine (20200095232)",547,"Vestfrost Solutions","VLS 400A GreenLine","20200095232",,2021
974,"3 - RCW 50 EG/CF ()",547,"Electrolux","RCW 50 EG/CF",,,2005
1486,"22 - Landcruiser 10-seater ()",547,"Toyota","Landcruiser 10-seater",,,
1492,"22 - Landcruiser ()",547,"Toyota","Landcruiser",,,
916,"3 - RCW 42 EG/CF ()",552,"Electrolux","RCW 42 EG/CF",,,2002
920,"5 - VLS 056 RF SDD (20194331531)",554,"Vestfrost Solutions","VLS 056 RF SDD","20194331531",,2021
951,"3 - TCW 2043 SDD (5463625)",557,"B Medical Systems Sarl (Dometic)","TCW 2043 SDD","5463625",,2017
962,"5 - TCW 40 SDD (1032624)",564,"B Medical Systems Sarl (Dometic)","TCW 40 SDD","1032624",,2021
914,"3 - RCW 42 EG/CF (50118)",566,"Electrolux","RCW 42 EG/CF","50118",,2002
968,"3 - RCW 42 EG/CF ()",569,"Electrolux","RCW 42 EG/CF",,,2002
972,"3 - RCW 50 EG/CF ()",572,"Electrolux","RCW 50 EG/CF",,,2005
979,"5 - TCW 40 SDD (1032603)",578,"B Medical Systems Sarl (Dometic)","TCW 40 SDD","1032603",,2021
987,"3 - MK 304 ()",588,"Vestfrost","MK 304",,,2008
988,"3 - VLS 054 SDD Greenline ()",590,"Vestfrost Solutions","VLS 054 SDD Greenline",,,2017
943,"5 - VLS 056 RF SDD (VLS 056 RF SDD)",597,"Vestfrost Solutions","VLS 056 RF SDD","VLS 056 RF SDD",,2021
2507,"3 - VLS 404 A GREENLINE (20220828186)",600,"Vestfrost Solutions","VLS 404 A GREENLINE","20220828186",,2023
2516,"13 - BC-141- SN- 6558 ()",600,"Beyond Wireless Technology (Pty) Ltd","BC-141- SN- 6558",,,2016
2529,"8 - ARKTEK - YBC-5 (210288)",600,"AUCMA","ARKTEK - YBC-5","210288",,
2533,"8 - ARKTEK - YBC-5 (210288)",600,"AUCMA","ARKTEK - YBC-5","210288",,
2537,"8 - ARKTEK - YBC-5 (210288)",600,"AUCMA","ARKTEK - YBC-5","210288",,
2542,"8 - ARKTEK - YBC-5 (210288)",600,"AUCMA","ARKTEK - YBC-5","210288",,
2579,"16 - ER1KS ()",600,"Electrogard","ER1KS",,,2023
181,"1 - WCR-10m3 ()",673,"Zhendre","WCR-10m3",,"0",2012
690,"8 - Large vaccine cold box ()",673,"Nilkamal","Large vaccine cold box",,,
692,"8 - Large vaccine cold box ()",673,"Nilkamal","Large vaccine cold box",,,
694,"8 - Large vaccine cold box ()",673,"Nilkamal","Large vaccine cold box",,,
699,"8 - Large vaccine cold box ()",673,"Nilkamal","Large vaccine cold box",,,
704,"17 - Dell ()",673,,"Dell",,,
708,"9 -  ()",673,"AOV International",,,,
711,"9 -  ()",673,"AOV International",,,,
715,"9 -  ()",673,"AOV International",,,,
719,"9 -  ()",673,"AOV International",,,,
723,"9 -  ()",673,"AOV International",,,,
727,"9 -  ()",673,"AOV International",,,,
731,"9 -  ()",673,"AOV International",,,,
734,"9 -  ()",673,"AOV International",,,,
738,"9 -  ()",673,"AOV International",,,,
742,"9 -  ()",673,"AOV International",,,,
746,"9 -  ()",673,"AOV International",,,,
750,"9 -  ()",673,"AOV International",,,,
754,"9 -  ()",673,"AOV International",,,,
758,"9 -  ()",673,"AOV International",,,,
761,"9 -  ()",673,"AOV International",,,,
765,"9 -  ()",673,"AOV International",,,,
769,"9 -  ()",673,"AOV International",,,,
773,"9 -  ()",673,"AOV International",,,,
777,"9 -  ()",673,"AOV International",,,,
781,"9 -  ()",673,"AOV International",,,,
785,"9 -  ()",673,"AOV International",,,,
787,"9 -  ()",673,"AOV International",,,,
789,"9 -  ()",673,"AOV International",,,,
792,"9 -  ()",673,"AOV International",,,,
796,"9 -  ()",673,"AOV International",,,,
800,"9 -  ()",673,"AOV International",,,,
804,"9 -  ()",673,"AOV International",,,,
808,"9 -  ()",673,"AOV International",,,,
812,"9 -  ()",673,"AOV International",,,,
816,"9 -  ()",673,"AOV International",,,,
819,"9 -  ()",673,"AOV International",,,,
823,"9 -  ()",673,"AOV International",,,,
63,"3 - VLS 064 RF (20220827735)",538,"Vestfrost","VLS 064 RF","20220827735",,2022
2365,"5 - VLS 064 RF (20210921195)",540,"Vestfrost","VLS 064 RF","20210921195",,2023
1981,"5 - TCW 40 SDD (1032565)",769,"B Medical Systems Sarl (Dometic)","TCW 40 SDD","1032565",,2022
601,"3 - VLS 400 Greenline (20194736940)",703,"Vestfrost","VLS 400 Greenline","20194736940",,2023
856,"11 -  ()",673,,,,,
2191,"5 - TCW 40 SDD ()",787,"B Medical Systems Sarl (Dometic)","TCW 40 SDD",,,2018
859,"11 -  ()",673,,,,,
862,"11 -  ()",673,,,,,
866,"11 -  ()",673,,,,,
869,"11 -  ()",673,,,,,
872,"11 -  ()",673,,,,,
876,"11 -  ()",673,,,,,
879,"11 -  ()",673,,,,,
882,"11 -  ()",673,,,,,
885,"11 -  ()",673,,,,,
466,"3 - VLS 064 RF (20210921242)",674,"Vestfrost","VLS 064 RF","20210921242",,2021
2754,"9 -  ()",675,"Ina ColdMed",,,,
490,"4 - MF 314 (20075047438)",677,"Vestfrost","MF 314","20075047438",,2008
494,"3 - VLS 064 RF (20210921229)",679,"Vestfrost","VLS 064 RF","20210921229",,2021
495,"3 - VLS 064 RF (20210921241)",680,"Vestfrost","VLS 064 RF","20210921241",,2021
509,"3 - VLS 064 RF (20210921237)",685,"Vestfrost","VLS 064 RF","20210921237",,2021
2030,"3 - MK074 ()",688,"Vestfrost","MK074",,,2000
530,"3 - VLS 064 RF (20210921248)",691,"Vestfrost","VLS 064 RF","20210921248",,2021
548,"3 - VLS 064 RF (20210921214)",696,"Vestfrost","VLS 064 RF","20210921214",,2021
1729,"3 - TCW2000 ()",762,"B Medical Systems Sarl (Dometic)","TCW2000",,,2018
2832,"5 - VLS 056 RF SDD (20194130675)",1375,"Vestfrost Solutions","VLS 056 RF SDD","20194130675",,2021
2267,"5 - TCW 40 SDD ()",779,"B Medical Systems Sarl (Dometic)","TCW 40 SDD",,,2021
678,"3 - VLS 064 RF (20220827745)",704,"Vestfrost","VLS 064 RF","20220827745",,2023
2305,"5 - VLS 064 RF ()",706,"Vestfrost","VLS 064 RF",,,2023
2308,"5 - TCW 40 SDD (1032604)",708,"B Medical Systems Sarl (Dometic)","TCW 40 SDD","1032604",,2019
2312,"5 - TCW 40 SDD (1032601)",711,"B Medical Systems Sarl (Dometic)","TCW 40 SDD","1032601",,2021
682,"5 - VLS 056 RF SDD (20214072114)",714,"Vestfrost Solutions","VLS 056 RF SDD","20214072114",,2023
2369,"5 - TCW 40 SDD (1032602)",717,"B Medical Systems Sarl (Dometic)","TCW 40 SDD","1032602",,2021
72,"3 - VLS 154 SDD Greenline (20204319981)",719,"Vestfrost Solutions","VLS 154 SDD Greenline","20204319981",,2023
2377,"5 - TCW 40 SDD (1032592)",725,"B Medical Systems Sarl (Dometic)","TCW 40 SDD","1032592",,2021
2382,"5 - VLS 056 RF SDD (20214813442)",730,"Vestfrost Solutions","VLS 056 RF SDD","20214813442",,2021
2387,"5 - VLS 056 RF SDD (20194534035)",732,"Vestfrost Solutions","VLS 056 RF SDD","20194534035",,2021
2392,"5 - TCW 40 SDD ()",737,"B Medical Systems Sarl (Dometic)","TCW 40 SDD",,,2021
2271,"3 - VLS 054 SDD Greenline ()",785,"Vestfrost Solutions","VLS 054 SDD Greenline",,,2018
2186,"3 - TCW 40 SDD ()",787,"B Medical Systems Sarl (Dometic)","TCW 40 SDD",,,2018
18,"5 - TCW 2043 SDD (5463505)",9,"B Medical Systems Sarl (Dometic)","TCW 2043 SDD","5463505",,2017
2259,"3 - TCW 40 SDD ()",776,"B Medical Systems Sarl (Dometic)","TCW 40 SDD",,,2018
1998,"5 - TCW 40 SDD ()",376,"B Medical Systems Sarl (Dometic)","TCW 40 SDD",,,2021
2182,"3 - VLS 054 SDD Greenline ()",780,"Vestfrost Solutions","VLS 054 SDD Greenline",,,2018
2262,"5 - TCW 40 SDD ()",780,"B Medical Systems Sarl (Dometic)","TCW 40 SDD",,,2021
2175,"5 - TCW 40 SDD ()",774,"B Medical Systems Sarl (Dometic)","TCW 40 SDD",,,2021
646,"3 - VLS 064 RF ()",404,"B Medical Systems Sarl (Dometic)","VLS 064 RF",,,2017
2276,"3 - TCW 40 SDD ()",791,"B Medical Systems Sarl (Dometic)","TCW 40 SDD",,,2018
2284,"5 - TCW 40 SDD ()",795,"B Medical Systems Sarl (Dometic)","TCW 40 SDD",,,2018
1381,"5 - Ice lined (20220828171)",796,"Vestfrost","Ice lined","20220828171",,2023
689,"5 - Tcw2043 SDD (7502840)",400,"B Medical Systems Sarl (Dometic)","Tcw2043 SDD","7502840",,2018
1682,"5 - TCW 40 SDD ()",408,"B Medical Systems Sarl (Dometic)","TCW 40 SDD",,,2022
575,"3 - VLS 400 Greenline (20194736959)",703,"Vestfrost","VLS 400 Greenline","20194736959",,2021
581,"3 - VLS 400 Greenline (20194736906)",703,"Vestfrost","VLS 400 Greenline","20194736906",,2021
981,"5 - TCW 3000 SDD (5343616)",583,"B Medical Systems Sarl (Dometic)","TCW 3000 SDD","5343616",,2018
849,"11 -  ()",673,,,,,
853,"11 -  ()",673,,,,,
2399,"3 - VLS 350A Greenline ()",797,"Vestfrost Solutions","VLS 350A Greenline",,,2018
2404,"3 - VLS 400A Greenline ()",797,"Vestfrost Solutions","VLS 400A Greenline",,,2021
2409,"3 - VLS 400A Greenline ()",797,"Vestfrost Solutions","VLS 400A Greenline",,,2021
2286,"3 - TCW 3000 SDD ()",798,"B Medical Systems Sarl (Dometic)","TCW 3000 SDD",,,2017
2288,"3 - MK074 ()",801,"Vestfrost","MK074",,,2008
2289,"3 - VLS 054 SDD Greenline ()",802,"Vestfrost Solutions","VLS 054 SDD Greenline",,,2018
2291,"5 - TCW 40 SDD ()",807,"B Medical Systems Sarl (Dometic)","TCW 40 SDD",,,2018
2298,"3 - TCW 3000 SDD ()",811,"B Medical Systems Sarl (Dometic)","TCW 3000 SDD",,,2018
2318,"3 - VLS 054 SDD Greenline ()",816,"Vestfrost Solutions","VLS 054 SDD Greenline",,,2018
2323,"5 - TCW 40 SDD ()",820,"B Medical Systems Sarl (Dometic)","TCW 40 SDD",,,2021
1931,"3 - VLS 400A Greenline ()",823,"Vestfrost Solutions","VLS 400A Greenline",,,2020
1937,"3 - VLS 154 SDD Greenline ()",823,"Vestfrost Solutions","VLS 154 SDD Greenline",,,2021
537,"3 - TCW 40 SDD (1032705)",824,"B Medical Systems Sarl (Dometic)","TCW 40 SDD","1032705",,2021
1848,"3 - TCW 2000 SDD (6293995)",824,"B Medical Systems Sarl (Dometic)","TCW 2000 SDD","6293995",,2018
1867,"5 - TCW 40 SDD ()",827,"B Medical Systems Sarl (Dometic)","TCW 40 SDD",,,2021
1879,"4 - FCW 20 EG/CF ()",832,"Electrolux","FCW 20 EG/CF",,,2004
1881,"3 - TCW 40 SDD ()",832,"B Medical Systems Sarl (Dometic)","TCW 40 SDD",,,2018
1903,"5 - VLS 054 SDD Greenline (20154728253)",834,"Vestfrost Solutions","VLS 054 SDD Greenline","20154728253",,2021
1896,"5 - VLS 056 RF SDD (20194634994)",837,"Vestfrost Solutions","VLS 056 RF SDD","20194634994",,2021
1908,"5 - VLS 064 RF ()",839,"Vestfrost","VLS 064 RF",,,2021
1857,"5 - TCW 40 SDD (8432355)",842,"B Medical Systems Sarl (Dometic)","TCW 40 SDD","8432355",,2019
1883,"3 - TCW 1152/CF ()",844,"Electrolux","TCW 1152/CF",,,2000
1893,"4 - FCW 20 EG/CF ()",846,"Electrolux","FCW 20 EG/CF",,,2000
1915,"3 - VLS 054 SDD Greenline (201545528198)",848,"Vestfrost Solutions","VLS 054 SDD Greenline","201545528198",,2017
1924,"3 - VLS 054 SDD Greenline (20154728248)",851,"Vestfrost Solutions","VLS 054 SDD Greenline","20154728248",,2018
1875,"3 - RCW 50 EG/CF ()",854,"Electrolux","RCW 50 EG/CF",,,2005
1872,"3 - RCW 50 EG/CF ()",857,"Electrolux","RCW 50 EG/CF",,,2005
1922,"5 - VLS 056 RF SDD (20194534648)",861,"Vestfrost Solutions","VLS 056 RF SDD","20194534648",,2021
1264,"3 - Vls400A green line (20194736900)",863,"Vestfrost Solutions","Vls400A green line","20194736900",,2020
1270,"3 - Vls400A green line (20194736900)",863,"Vestfrost Solutions","Vls400A green line","20194736900",,2020
1281,"3 - VLS 400A Greenline (20194736889)",863,"Vestfrost Solutions","VLS 400A Greenline","20194736889",,2020
1286,"3 - VLS 400A Greenline (20194736889)",863,"Vestfrost Solutions","VLS 400A Greenline","20194736889",,2020
1748,"3 - VLS 400A Greenline ()",863,"Vestfrost Solutions","VLS 400A Greenline",,,2020
1754,"4 - MF 314 ()",863,"Vestfrost","MF 314",,,2020
1740,"3 - TCW 40 SDD ()",874,"B Medical Systems Sarl (Dometic)","TCW 40 SDD",,,2018
1103,"3 - VLS 400A (20194736885)",908,"Vestfrost Solutions","VLS 400A","20194736885",,2021
148,"3 - VLS 054 SDD GREENLINE (20174651546)",912,"Vestfrost Solutions","VLS 054 SDD GREENLINE","20174651546",,2018
474,"3 - VLS 056 RF SDD (20194534651)",917,"Vestfrost Solutions","VLS 056 RF SDD","20194534651",,2021
326,"4 - MF 314 (20193724047)",942,"Vestfrost","MF 314","20193724047",,2021
1243,"8 - RCW12 (9470702)",942,"Dometic","RCW12","9470702",,
1250,"14 - 255-00019 ()",942,"Berlinger & Co. AG","255-00019",,,2023
1293,"24 - STATION WAGON ()",942,"Toyota","STATION WAGON",,,
1032,"3 - VLS 350A Greenline ()",955,"Vestfrost Solutions","VLS 350A Greenline",,,2018
1037,"3 - VLS 400A Greenline (20200952938)",955,"Vestfrost Solutions","VLS 400A Greenline","20200952938",,2021
1044,"4 - MF 314 (20190461201)",955,"Vestfrost","MF 314","20190461201",,2021
1388,"3 - MK304 ()",955,"Vestfrost","MK304",,,2010
1389,"3 - MK304 ()",955,"Vestfrost","MK304",,,2010
1496,"3 - MK304 ()",955,"Vestfrost","MK304",,,2010
1500,"3 - MK304 ()",955,"Vestfrost","MK304",,,2010
1504,"3 - MK304 ()",955,"Vestfrost","MK304",,,2010
1508,"3 - MK304 ()",955,"Vestfrost","MK304",,,2010
1513,"4 - MF 314 (2.O1904612E+10)",955,"Vestfrost","MF 314","2.O1904612E+10",,2021
1517,"7 - MF314 ()",955,"Vestfrost","MF314",,,2010
1392,"3 - VLS 054 SDD Greenline (20154728208)",957,"Vestfrost Solutions","VLS 054 SDD Greenline","20154728208",,2017
2884,"9 -  ()",1389,"Blow Kings",,,,
2217,"3 - VLS 400A Greenline ()",796,"Vestfrost Solutions","VLS 400A Greenline",,,2021
2222,"3 - VLS 400A Greenline ()",796,"Vestfrost Solutions","VLS 400A Greenline",,,2021
1397,"3 - VLS 054 SDD Greenline (20154728241)",974,"Vestfrost Solutions","VLS 054 SDD Greenline","20154728241",,2017
2080,"5 - VLS 056 RF SDD ()",977,"Vestfrost Solutions","VLS 056 RF SDD",,,2021
1025,"3 - VLS 400A Greenline (20194635010)",983,"Vestfrost Solutions","VLS 400A Greenline","20194635010",,2021
2068,"3 - VLS 350A Greenline ()",983,"Vestfrost Solutions","VLS 350A Greenline",,,2018
2086,"3 - MK 304 ()",985,"Vestfrost","MK 304",,,2010
2090,"3 - MK 304 ()",985,"Vestfrost","MK 304",,,2010
2094,"3 - VLS 350A Greenline ()",987,"Vestfrost Solutions","VLS 350A Greenline",,,2018
2095,"3 - VLS 350A Greenline ()",987,"Vestfrost Solutions","VLS 350A Greenline",,,2018
2098,"4 - MF 314 ()",987,"Vestfrost","MF 314",,,2010
2161,"3 - MK074 ()",989,"Vestfrost","MK074",,,2010
1027,"3 - VLS 400A Greenline (20201054596)",992,"Vestfrost Solutions","VLS 400A Greenline","20201054596",,2021
2103,"5 - TCW 2043 SDD ()",995,"B Medical Systems Sarl (Dometic)","TCW 2043 SDD",,,2017
2164,"3 - MK 144 ()",1000,"Vestfrost","MK 144",,,2016
2166,"3 - RCW 50 EG/CF ()",1003,"Electrolux","RCW 50 EG/CF",,,2005
380,"3 - TCW 3000 SDD ()",1004,"B Medical Systems Sarl (Dometic)","TCW 3000 SDD",,,2018
524,"3 - VLS 350A Greenline ()",1004,"Vestfrost Solutions","VLS 350A Greenline",,,2008
618,"3 - VLS 404A AC ()",1004,"Vestfrost Solutions","VLS 404A AC",,,2021
826,"3 - VLS 400A Greenline ()",1004,"Vestfrost Solutions","VLS 400A Greenline",,,2023
1188,"3 - MK 304 ()",1005,"Vestfrost","MK 304",,,2016
1196,"3 - VLS 400A GreenLine (20194736909)",1005,"Vestfrost Solutions","VLS 400A GreenLine","20194736909",,2021
576,"3 - NRC - 30 - 10 (10206)",1020,"Norcoast","NRC - 30 - 10","10206",,2004
1359,"9 -  ()",1023,"Ina ColdMed",,,,
2815,"3 - VLS 404A AC (???? Dispensary)",1023,"Vestfrost Solutions","VLS 404A AC","???? Dispensary",,2021
1297,"4 - MF 314 (20193724063)",1024,"Vestfrost","MF 314","20193724063",,2021
1298,"8 - Ina ColdMed (NIL)",1024,"Ina ColdMed","Ina ColdMed","NIL",,
2200,"3 - VLS 056 RF SD (20194635006)",1026,"Vestfrost Solutions","VLS 056 RF SD","20194635006",,2021
2812,"9 -  ()",1027,,,,,
2202,"3 - VLS 056 RF SDD (20174651537)",1028,"Vestfrost Solutions","VLS 056 RF SDD","20174651537",,2018
2208,"3 - VLS 056 RF SDD (20174651540)",1034,"Vestfrost Solutions","VLS 056 RF SDD","20174651540",,2018
2237,"5 - TCW 40 SDD (1032542)",1044,"B Medical Systems Sarl (Dometic)","TCW 40 SDD","1032542",,2022
2231,"5 - TCW 40 SDD (1032750)",1040,"B Medical Systems Sarl (Dometic)","TCW 40 SDD","1032750",,2022
2490,"3 - VLS 056 RF SDD (20194432837)",1067,"Vestfrost Solutions","VLS 056 RF SDD","20194432837",,2020
2495,"3 - TCW 3000 SDD (6294027)",1072,"B Medical Systems Sarl (Dometic)","TCW 3000 SDD","6294027",,2016
2468,"3 - VLS 054 SDD Greenline (20174446538)",1080,"Vestfrost Solutions","VLS 054 SDD Greenline","20174446538",,2018
2476,"3 - TCW 40 SDD (5283936)",1087,"B Medical Systems Sarl (Dometic)","TCW 40 SDD","5283936",,2017
2422,"3 - VLS 056 RF SDD (20194635009)",1094,"Vestfrost Solutions","VLS 056 RF SDD","20194635009",,2020
2451,"3 - VLS 054 SDD Greenline (20154728214)",1106,"Vestfrost Solutions","VLS 054 SDD Greenline","20154728214",,2017
2457,"5 - VLS 154 SDD Greenline (20204319979)",1111,"Vestfrost Solutions","VLS 154 SDD Greenline","20204319979",,2021
2459,"3 - VLS 056 RF SDD ()",1113,"Vestfrost Solutions","VLS 056 RF SDD",,,2020
2425,"3 - VLS 056 RF SDD ()",1114,"Vestfrost Solutions","VLS 056 RF SDD",,,2017
2443,"3 - VLS 056 RF SDD (VLS 056 RF SDD)",1117,"Vestfrost Solutions","VLS 056 RF SDD","VLS 056 RF SDD",,2020
2449,"3 - RCW 50 EG/CF ()",1122,"Electrolux","RCW 50 EG/CF",,,2005
2727,"3 - VLS 064 RF (20220827790)",1129,"Vestfrost","VLS 064 RF","20220827790",,2023
2700,"3 - VLS 054 SDD Greenline (20154728251)",1132,"Vestfrost Solutions","VLS 054 SDD Greenline","20154728251",,2017
2555,"9 -  ()",1135,"AOV International",,,,
2559,"9 -  ()",1135,"AOV International",,,,
2718,"3 - VLS 056 RF SDD (20194736350)",1136,"Vestfrost Solutions","VLS 056 RF SDD","20194736350",,2021
2544,"5 - VLS 064A RF AC (20214504379)",1142,"Vestfrost","VLS 064A RF AC","20214504379",,2023
2583,"3 - VLS 064A RF AC (20214504379)",1142,"Vestfrost","VLS 064A RF AC","20214504379",,2023
2630,"3 - VLS 064 RF (20214071474)",1148,"Vestfrost","VLS 064 RF","20214071474",,2023
2606,"3 - VLS054 SDD (20154728229)",1152,"Vestfrost Solutions","VLS054 SDD","20154728229",,2017
2742,"3 - VLS 056 RF SDD (20194534020)",1163,"Vestfrost Solutions","VLS 056 RF SDD","20194534020",,2021
2695,"3 - VLS 064 RF (20210921220)",1170,"Vestfrost","VLS 064 RF","20210921220",,2021
2609,"3 - VLS 056 RF SDD (20194534017)",1175,"Vestfrost Solutions","VLS 056 RF SDD","20194534017",,2021
2149,"3 - RCW 50 EG/CF ()",965,"Electrolux","RCW 50 EG/CF",,,2005
2154,"3 - RCW 50 EG/CF ()",971,"Electrolux","RCW 50 EG/CF",,,2006
2616,"3 - VLS 054 SDD Greenline (130104)",1201,"Vestfrost Solutions","VLS 054 SDD Greenline","130104",,2017
2673,"3 - VLS 056 RF SDD (20220625554)",1234,"Vestfrost Solutions","VLS 056 RF SDD","20220625554",,2023
2612,"3 - MKS 044 (20180566829)",1199,"Vestfrost","MKS 044","20180566829",,2021
2622,"3 - VLS 054 SDD Greenline (20194736938)",1203,"Vestfrost Solutions","VLS 054 SDD Greenline","20194736938",,2023
2702,"3 - VLS 064 RF (20220625556)",1250,"Vestfrost","VLS 064 RF","20220625556",,2023
2788,"5 - VLS 056 RF SDD (20194534648)",1275,"Vestfrost Solutions","VLS 056 RF SDD","20194534648",,2019
2633,"3 - MK304 (130203)",1207,"Vestfrost","MK304","130203",,2022
2637,"3 - VLS 064 RF (20220827781)",1208,"Vestfrost","VLS 064 RF","20220827781",,2023
2643,"3 - VLS 064 RF (20220827737)",1211,"Vestfrost","VLS 064 RF","20220827737",,2023
2647,"3 - VLS 054 SDD Greenline (130301)",1214,"Vestfrost Solutions","VLS 054 SDD Greenline","130301",,2017
2652,"3 - VLS 056 RF SDD (20194634979)",1217,"Vestfrost Solutions","VLS 056 RF SDD","20194634979",,2022
2666,"3 - TCW 40 SDD (8163497)",1228,"B Medical Systems Sarl (Dometic)","TCW 40 SDD","8163497",,2018
2844,"3 - VLS 064 RF AC (20240329792)",1287,"Vestfrost Solutions","VLS 064 RF AC","20240329792",,2024
2823,"3 - VLS 056 ()",1298,"Vestfrost Solutions","VLS 056",,,2017
2759,"5 - VLS 056 RF SDD (20211123432)",1259,"Vestfrost Solutions","VLS 056 RF SDD","20211123432",,2021
2682,"3 - VLS 056 RF SDD (20194635007)",1239,"Vestfrost Solutions","VLS 056 RF SDD","20194635007",,2010
2628,"3 - VLS 054 SDD Greenline (2017435105)",1244,"Vestfrost Solutions","VLS 054 SDD Greenline","2017435105",,2018
2756,"5 - VLS 056 RF SDD (20242400523)",1257,"Vestfrost Solutions","VLS 056 RF SDD","20242400523",,2024
2793,"3 - VLS 054 SDD Greenline (20174651545)",1280,"Vestfrost","VLS 054 SDD Greenline","20174651545",,2019
2765,"3 - TCW 40 SDD (1032569)",1263,"B Medical Systems Sarl (Dometic)","TCW 40 SDD","1032569",,2021
2804,"5 - TCW 40 SDD (????)",1291,"B Medical Systems Sarl (Dometic)","TCW 40 SDD","????",,2021
2770,"5 - VLS 056 RF SDD (20211123433)",1266,"Vestfrost Solutions","VLS 056 RF SDD","20211123433",,2021
2778,"5 - VLS 056 RF SDD (???)",1271,"Vestfrost Solutions","VLS 056 RF SDD","???",,2020
2783,"3 - VLS 400 A Greenline (20194736885)",1271,"Vestfrost Solutions","VLS 400 A Greenline","20194736885",,2021
2797,"3 - MK 144 (20154421032)",1286,"Vestfrost","MK 144","20154421032",,2018
188,"3 - VLS 064 RF (20220827750)",134,"Vestfrost","VLS 064 RF","20220827750",,2023
2888,"9 -  ()",1389,"Blow Kings",,,,
1520,"5 - TCW 40 SDD (1032740)",120,"B Medical Systems Sarl (Dometic)","TCW 40 SDD","1032740",,2021
2058,"3 - VLS 054 SDD Greenline ()",150,"Vestfrost Solutions","VLS 054 SDD Greenline",,,2018
439,"3 - VLS 054 SDD Greenline (20154728225)",182,"Vestfrost Solutions","VLS 054 SDD Greenline","20154728225",,2017
551,"3 - MK304 (Not available)",166,"Vestfrost","MK304","Not available",,2010
1977,"5 - VLS 056 RF SDD ()",744,"Vestfrost Solutions","VLS 056 RF SDD",,,2020
264,"3 - RCW 50 EG/CF ()",459,"Electrolux","RCW 50 EG/CF",,,2005
444,"3 - VLS 400A Greenline (20201054640)",193,"Vestfrost Solutions","VLS 400A Greenline","20201054640",,2021
2196,"3 - VLS 054 SDD Greenline ()",796,"Vestfrost Solutions","VLS 054 SDD Greenline",,,2018
157,"5 - VLS 056 RF SDD (20194130638)",534,"Vestfrost Solutions","VLS 056 RF SDD","20194130638",,2020
1109,"13 - ICE -3   SN:7908 ()",477,"Beyond Wireless Technology (Pty) Ltd","ICE -3   SN:7908",,,2021
831,"1 - EMB1007M12 (0003449)",673,"Kide","EMB1007M12","0003449","404A",2017
1983,"3 - VLS 400A Greenline ()",741,"Vestfrost Solutions","VLS 400A Greenline",,,2021
2523,"4 - MF 114 (20234317393)",689,"Vestfrost Solutions","MF 114","20234317393",,2024
2714,"3 - TCW 40 SDD (8163504)",1187,"B Medical Systems Sarl (Dometic)","TCW 40 SDD","8163504",,2021
104,"3 - VLS 154 SDD Greenline (20204319981)",719,"Vestfrost Solutions","VLS 154 SDD Greenline","20204319981",,2019
2290,"3 - VLS 054 SDD Greenline ()",803,"Vestfrost Solutions","VLS 054 SDD Greenline",,,2018
2243,"5 - TCW 2043 SDD ()",805,"B Medical Systems Sarl (Dometic)","TCW 2043 SDD",,,2018
2667,"3 - VLS 056 RF SDD (20194130661)",1229,"Vestfrost Solutions","VLS 056 RF SDD","20194130661",,2020
2212,"3 - VLS 350A Greenline ()",796,"Vestfrost Solutions","VLS 350A Greenline",,,2018
2705,"3 - TCW 40 SDD (8432324)",1177,"B Medical Systems Sarl (Dometic)","TCW 40 SDD","8432324",,2018
2660,"3 - VLS 054 SDD Greenline (20154728226)",1222,"Vestfrost Solutions","VLS 054 SDD Greenline","20154728226",,2021
2250,"5 - TCW 2043 SDD ()",805,"B Medical Systems Sarl (Dometic)","TCW 2043 SDD",,,2018
2255,"5 - TCW 2043 SDD ()",805,"B Medical Systems Sarl (Dometic)","TCW 2043 SDD",,,2018
1900,"5 - TCW 40 SDD ()",833,"B Medical Systems Sarl (Dometic)","TCW 40 SDD",,,2021
2738,"3 - TCW 40 SDD (1032666)",1192,"B Medical Systems Sarl (Dometic)","TCW 40 SDD","1032666",,2022
532,"3 - VLS 054 SDD Greenline ()",461,"B Medical Systems Sarl (Dometic)","VLS 054 SDD Greenline",,,2021
1278,"3 - VLS 400A Greenline (20194736889)",863,"Vestfrost Solutions","VLS 400A Greenline","20194736889",,2020
2426,"3 - VLS 054 SDD Greenline (20154728243)",1115,"Vestfrost Solutions","VLS 054 SDD Greenline","20154728243",,2017
2706,"3 - TCW 40 SDD (8482355)",1178,"B Medical Systems Sarl (Dometic)","TCW 40 SDD","8482355",,2019
2709,"3 - VLS 154A SDD Greenline (20204319980)",1181,"Vestfrost Solutions","VLS 154A SDD Greenline","20204319980",,2023
2730,"3 - VLS 154 SDD Greenline (20154728207)",1157,"Vestfrost Solutions","VLS 154 SDD Greenline","20154728207",,2018
1051,"3 - VLS 054 SDD Greenline (20154728208)",959,"Vestfrost Solutions","VLS 054 SDD Greenline","20154728208",,2017
1191,"3 - VLS 400A GreenLine (20200952931)",1005,"Vestfrost Solutions","VLS 400A GreenLine","20200952931",,2021
41,"3 - VLS 400A Greenline (20200952918)",9999,"Vestfrost Solutions","VLS 400A Greenline","20200952918",,2021
43,"3 - VLS 400A Greenline (20194736957)",9999,"Vestfrost Solutions","VLS 400A Greenline","20194736957",,2021
44,"3 - VLS 400A Greenline (20194736957)",9999,"Vestfrost Solutions","VLS 400A Greenline","20194736957",,2021
45,"3 - VLS 400A Greenline (20194736957)",9999,"Vestfrost Solutions","VLS 400A Greenline","20194736957",,2021
46,"3 - VLS 400A Greenline (20200952928)",9999,"Vestfrost Solutions","VLS 400A Greenline","20200952928",,2021
48,"3 - VLS 400A Greenline (20200952928)",9999,"Vestfrost Solutions","VLS 400A Greenline","20200952928",,2021
49,"4 - MF 314 (20193724058)",9999,"Vestfrost","MF 314","20193724058",,2021
50,"4 - MF 314 (20183724049)",9999,"Vestfrost","MF 314","20183724049",,2021
37,"3 - MK 144 (20154728685)",9999,"Vestfrost","MK 144","20154728685",,2017
40,"3 - VLS 400A Greenline (20200952918)",9999,"Vestfrost Solutions","VLS 400A Greenline","20200952918",,2021
569,"1 - WICR-40m3 (WICR#9)",9999,"Zhendre","WICR-40m3","WICR#9","R404a",2018
570,"1 - WICR-40m3 (WICR#10)",9999,"Zhendre","WICR-40m3","WICR#10","R404a",2022
2499,"2 - WIFR-15m3 (WICR#2)",9999,"Zhendre","WIFR-15m3","WICR#2","R404A",2024
42,"3 - VLS 400A Greenline (20200952918)",9999,"Vestfrost Solutions","VLS 400A Greenline","20200952918",,2021
47,"3 - VLS 400A Greenline (20200952928)",9999,"Vestfrost Solutions","VLS 400A Greenline","20200952928",,2021
540,"1 - WICR-40m3 (WICR#4)",9999,"Euromon","WICR-40m3","WICR#4","R404A",2008
8,"3 - VLS 400A Greenline (20200952935)",9999,"Vestfrost Solutions","VLS 400A Greenline","20200952935",,2021
36,"1 - WICR - 10 m3 ()",9999,"Zhendre","WICR - 10 m3",,"R134A",2018
559,"1 - WICR-15m3 (WICR#8)",9999,"Zhendre","WICR-15m3","WICR#8","R404a",2018
556,"1 - WIFR-25m3 (WICR#7)",9999,"Zhendre","WIFR-25m3","WICR#7","R404A",2018
35,"3 - MK 144 (20154728702)",9999,"Vestfrost","MK 144","20154728702",,2017
60,"2 - WICR-40m3 (WICR#6)",9999,"Zhendre","WICR-40m3","WICR#6","R404a",2018
2522,"16 - EM3 T 15-4F ()",9999,"Others","EM3 T 15-4F",,,2023
541,"1 - WICR-40m3 (WICR#5)",9999,"Euromon","WICR-40m3","WICR#5","R404A",2008
895,"7 - MF 314 (20212240668)",9999,"Vestfrost","MF 314","20212240668",,2022
897,"7 - MF 314 (20212240667)",9999,"Vestfrost","MF 314","20212240667",,2022
1716,"1 - WICR-40m3 (WCIR#1)",9999,"Zhendre","WICR-40m3","WCIR#1","R400a",2023
1719,"13 - Ice 3 ()",9999,"Beyond Wireless Technology (Pty) Ltd","Ice 3",,,2018
1720,"13 - Ice 3 ()",9999,"Beyond Wireless Technology (Pty) Ltd","Ice 3",,,2018
1721,"13 - Ice 3 ()",9999,"Beyond Wireless Technology (Pty) Ltd","Ice 3",,,2018
1722,"13 - Ice 3 ()",9999,"Beyond Wireless Technology (Pty) Ltd","Ice 3",,,2018
1723,"13 - Ice 3 ()",9999,"Beyond Wireless Technology (Pty) Ltd","Ice 3",,,2018
1724,"13 - Ice 3 ()",9999,"Beyond Wireless Technology (Pty) Ltd","Ice 3",,,2018
1725,"13 - Ice 3 ()",9999,"Beyond Wireless Technology (Pty) Ltd","Ice 3",,,2018
1726,"13 - Ice 3 ()",9999,"Beyond Wireless Technology (Pty) Ltd","Ice 3",,,2018
1727,"13 - Ice 3 ()",9999,"Beyond Wireless Technology (Pty) Ltd","Ice 3",,,2018
1728,"13 - Ice 3 ()",9999,"Beyond Wireless Technology (Pty) Ltd","Ice 3",,,2018
2501,"1 - WICR-25m3 (WICR#3)",9999,"Zhendre","WICR-25m3","WICR#3","R404A",2024
2519,"16 - EM3 T 15-4F ()",9999,"Others","EM3 T 15-4F",,,2024
2520,"16 - EM3 T 15-4F ()",9999,"Others","EM3 T 15-4F",,,2024
2521,"16 - EM3 T 15-4F ()",9999,"Others","EM3 T 15-4F",,,2024